MAG,Pool,Domain,Phylum,Class,Order,Family,Genus,Species
Re.bin.1,Relic,Archaea,Thermoproteota,Nitrososphaeria,o__Nitrososphaerales,f__Nitrososphaeraceae,g__TH1177,s__
Re.bin.131,Relic,Archaea,Thermoproteota,Thermoproteia,o__Sulfolobales,f__Sulfolobaceae,g__Acidianus,s__Acidianus infernus
Re.bin.134,Relic,Archaea,Thermoproteota,Nitrososphaeria,o__Nitrososphaerales,f__Nitrososphaeraceae,g__TA-21,s__
Re.bin.19,Relic,Archaea,Thermoproteota,Nitrososphaeria,o__Nitrososphaerales,f__Nitrososphaeraceae,g__Nitrosocosmicus,s__
Ac.bin.223,Active,Bacteria,Acidobacteriota,Acidobacteriae,o__Bryobacterales,f__Bryobacteraceae,g__DSOI01,s__
Ac.bin.306,Active,Bacteria,Acidobacteriota,Aminicenantia,o__UBA2199,f__UBA2199,g__UBA2199,s__
Ac.bin.342,Active,Bacteria,Acidobacteriota,Blastocatellia,o__Pyrinomonadales,f__Pyrinomonadaceae,g__OLB17,s__
Ac.bin.35,Active,Bacteria,Acidobacteriota,Thermoanaerobaculia,o__Thermoanaerobaculales,f__FEB-10,g__,s__
Ac.bin.427,Active,Bacteria,Acidobacteriota,Aminicenantia,o__Aminicenantales,f__RBG-16-66-30,g__RBG-16-66-30,s__
Ac.bin.428,Active,Bacteria,Acidobacteriota,Acidobacteriae,o__Bryobacterales,f__UBA6623,g__,s__
Ac.bin.457,Active,Bacteria,Acidobacteriota,Blastocatellia,o__Pyrinomonadales,f__Pyrinomonadaceae,g__OLB17,s__
Ac.bin.48,Active,Bacteria,Acidobacteriota,Blastocatellia,o__Pyrinomonadales,f__Pyrinomonadaceae,g__,s__
Ac.bin.56,Active,Bacteria,Acidobacteriota,Blastocatellia,o__Pyrinomonadales,f__Pyrinomonadaceae,g__OLB17,s__
Ac.bin.72,Active,Bacteria,Acidobacteriota,Aminicenantia,o__UBA2199,f__UBA2199,g__UBA2199,s__
Ac.bin.84,Active,Bacteria,Acidobacteriota,Blastocatellia,o__Pyrinomonadales,f__Pyrinomonadaceae,g__OLB17,s__
Ac.bin.88,Active,Bacteria,Acidobacteriota,Blastocatellia,o__Pyrinomonadales,f__Pyrinomonadaceae,g__OLB17,s__
Re.bin.10,Relic,Bacteria,Acidobacteriota,Blastocatellia,o__Pyrinomonadales,f__Pyrinomonadaceae,g__QHXN01,s__
Re.bin.101,Relic,Bacteria,Acidobacteriota,Thermoanaerobaculia,o__Gp7-AA8,f__Gp7-AA8,g__,s__
Re.bin.112,Relic,Bacteria,Acidobacteriota,Blastocatellia,o__Pyrinomonadales,f__Pyrinomonadaceae,g__JACDCK01,s__
Re.bin.113,Relic,Bacteria,Acidobacteriota,Blastocatellia,o__Pyrinomonadales,f__Pyrinomonadaceae,g__OLB17,s__
Re.bin.115,Relic,Bacteria,Acidobacteriota,Blastocatellia,o__RBC074,f__RBC074,g__,s__
Re.bin.12,Relic,Bacteria,Acidobacteriota,Blastocatellia,o__Pyrinomonadales,f__Pyrinomonadaceae,g__UBA11741,s__
Re.bin.120,Relic,Bacteria,Acidobacteriota,Blastocatellia,o__Pyrinomonadales,f__Pyrinomonadaceae,g__SXVE01,s__
Re.bin.124,Relic,Bacteria,Acidobacteriota,Thermoanaerobaculia,o__UBA5704,f__UBA5704,g__UBA5704,s__
Re.bin.125,Relic,Bacteria,Acidobacteriota,Blastocatellia,o__Pyrinomonadales,f__Pyrinomonadaceae,g__OLB17,s__
Re.bin.140,Relic,Bacteria,Acidobacteriota,Blastocatellia,o__Pyrinomonadales,f__Pyrinomonadaceae,g__UBA11741,s__
Re.bin.153,Relic,Bacteria,Acidobacteriota,Thermoanaerobaculia,o__Gp7-AA8,f__Gp7-AA8,g__,s__
Re.bin.163,Relic,Bacteria,Acidobacteriota,Blastocatellia,o__Pyrinomonadales,f__Pyrinomonadaceae,g__QQUY01,s__
Re.bin.178,Relic,Bacteria,Acidobacteriota,Blastocatellia,o__Pyrinomonadales,f__Pyrinomonadaceae,g__OLB17,s__
Re.bin.184,Relic,Bacteria,Acidobacteriota,Blastocatellia,o__Pyrinomonadales,f__Pyrinomonadaceae,g__,s__
Re.bin.186,Relic,Bacteria,Acidobacteriota,Blastocatellia,o__Pyrinomonadales,f__Pyrinomonadaceae,g__,s__
Re.bin.195,Relic,Bacteria,Acidobacteriota,Vicinamibacteria,o__Vicinamibacterales,f__SCN-69-37,g__,s__
Re.bin.197,Relic,Bacteria,Acidobacteriota,Blastocatellia,o__Pyrinomonadales,f__Pyrinomonadaceae,g__OLB17,s__
Re.bin.203,Relic,Bacteria,Acidobacteriota,Acidobacteriae,o__Bryobacterales,f__Bryobacteraceae,g__,s__
Re.bin.215,Relic,Bacteria,Acidobacteriota,Blastocatellia,o__Pyrinomonadales,f__Pyrinomonadaceae,g__OLB17,s__
Re.bin.217,Relic,Bacteria,Acidobacteriota,Blastocatellia,o__Pyrinomonadales,f__Pyrinomonadaceae,g__QQUY01,s__
Re.bin.225,Relic,Bacteria,Acidobacteriota,Blastocatellia,o__Pyrinomonadales,f__Pyrinomonadaceae,g__QQUY01,s__
Re.bin.236,Relic,Bacteria,Acidobacteriota,Blastocatellia,o__Pyrinomonadales,f__Pyrinomonadaceae,g__JACDEG01,s__
Re.bin.24,Relic,Bacteria,Acidobacteriota,Blastocatellia,o__Pyrinomonadales,f__Pyrinomonadaceae,g__QQUY01,s__
Re.bin.251,Relic,Bacteria,Acidobacteriota,Blastocatellia,o__Pyrinomonadales,f__Pyrinomonadaceae,g__JACDCK01,s__
Re.bin.257,Relic,Bacteria,Acidobacteriota,Blastocatellia,o__Pyrinomonadales,f__Pyrinomonadaceae,g__OLB17,s__
Re.bin.26,Relic,Bacteria,Acidobacteriota,Blastocatellia,o__Pyrinomonadales,f__Pyrinomonadaceae,g__,s__
Re.bin.260,Relic,Bacteria,Acidobacteriota,Blastocatellia,o__Pyrinomonadales,f__Pyrinomonadaceae,g__OLB17,s__
Re.bin.267,Relic,Bacteria,Acidobacteriota,Blastocatellia,o__Pyrinomonadales,f__Pyrinomonadaceae,g__OLB17,s__
Re.bin.268,Relic,Bacteria,Acidobacteriota,Blastocatellia,o__Pyrinomonadales,f__Pyrinomonadaceae,g__OLB17,s__
Re.bin.285,Relic,Bacteria,Acidobacteriota,Blastocatellia,o__Pyrinomonadales,f__Pyrinomonadaceae,g__,s__
Re.bin.288,Relic,Bacteria,Acidobacteriota,Blastocatellia,o__Pyrinomonadales,f__Pyrinomonadaceae,g__OLB17,s__
Re.bin.292,Relic,Bacteria,Acidobacteriota,Blastocatellia,o__Pyrinomonadales,f__Pyrinomonadaceae,g__OLB17,s__
Re.bin.293,Relic,Bacteria,Acidobacteriota,Vicinamibacteria,o__Vicinamibacterales,f__2-12-FULL-66-21,g__JACCXG01,s__
Re.bin.298,Relic,Bacteria,Acidobacteriota,Blastocatellia,o__Pyrinomonadales,f__Pyrinomonadaceae,g__OLB17,s__
Re.bin.31,Relic,Bacteria,Acidobacteriota,Blastocatellia,o__Pyrinomonadales,f__Pyrinomonadaceae,g__OLB17,s__
Re.bin.312,Relic,Bacteria,Acidobacteriota,Blastocatellia,o__Pyrinomonadales,f__Pyrinomonadaceae,g__OLB17,s__
Re.bin.316,Relic,Bacteria,Acidobacteriota,Blastocatellia,o__Pyrinomonadales,f__Pyrinomonadaceae,g__OLB17,s__
Re.bin.317,Relic,Bacteria,Acidobacteriota,Blastocatellia,o__Pyrinomonadales,f__Pyrinomonadaceae,g__QQUY01,s__
Re.bin.324,Relic,Bacteria,Acidobacteriota,Blastocatellia,o__Pyrinomonadales,f__Pyrinomonadaceae,g__OLB17,s__
Re.bin.33,Relic,Bacteria,Acidobacteriota,Blastocatellia,o__Pyrinomonadales,f__Pyrinomonadaceae,g__PSRF01,s__
Re.bin.332,Relic,Bacteria,Acidobacteriota,Blastocatellia,o__Pyrinomonadales,f__Pyrinomonadaceae,g__,s__
Re.bin.337,Relic,Bacteria,Acidobacteriota,Blastocatellia,o__Pyrinomonadales,f__Pyrinomonadaceae,g__JACDCK01,s__
Re.bin.366,Relic,Bacteria,Acidobacteriota,Thermoanaerobaculia,o__UBA5704,f__QQVD01,g__,s__
Re.bin.369,Relic,Bacteria,Acidobacteriota,Blastocatellia,o__Pyrinomonadales,f__Pyrinomonadaceae,g__,s__
Re.bin.40,Relic,Bacteria,Acidobacteriota,Blastocatellia,o__Pyrinomonadales,f__Pyrinomonadaceae,g__PSRF01,s__
Re.bin.400,Relic,Bacteria,Acidobacteriota,Blastocatellia,o__UBA7656,f__UBA7656,g__,s__
Re.bin.45,Relic,Bacteria,Acidobacteriota,Blastocatellia,o__Pyrinomonadales,f__Pyrinomonadaceae,g__PSRF01,s__
Re.bin.5,Relic,Bacteria,Acidobacteriota,Blastocatellia,o__Pyrinomonadales,f__Pyrinomonadaceae,g__OLB17,s__
Re.bin.53,Relic,Bacteria,Acidobacteriota,Acidobacteriae,o__Bryobacterales,f__UBA6623,g__,s__
Re.bin.58,Relic,Bacteria,Acidobacteriota,Blastocatellia,o__Pyrinomonadales,f__Pyrinomonadaceae,g__OLB17,s__
Re.bin.66,Relic,Bacteria,Acidobacteriota,Blastocatellia,o__Pyrinomonadales,f__Pyrinomonadaceae,g__OLB17,s__
Re.bin.77,Relic,Bacteria,Acidobacteriota,Blastocatellia,o__Pyrinomonadales,f__Pyrinomonadaceae,g__OLB17,s__
Re.bin.85,Relic,Bacteria,Acidobacteriota,Blastocatellia,o__Pyrinomonadales,f__Pyrinomonadaceae,g__JACDCK01,s__
Re.bin.86,Relic,Bacteria,Acidobacteriota,Blastocatellia,o__Pyrinomonadales,f__Pyrinomonadaceae,g__OLB17,s__
Re.bin.88,Relic,Bacteria,Acidobacteriota,Thermoanaerobaculia,o__Gp7-AA8,f__Gp7-AA8,g__,s__
Re.bin.97,Relic,Bacteria,Acidobacteriota,Blastocatellia,o__Pyrinomonadales,f__Pyrinomonadaceae,g__OLB17,s__
Ac.bin.125,Active,Bacteria,Actinobacteriota,Acidimicrobiia,o__Acidimicrobiales,f__Ilumatobacteraceae,g__,s__
Ac.bin.241,Active,Bacteria,Actinobacteriota,Coriobacteriia,o__OPB41,f__UBA912,g__,s__
Ac.bin.298,Active,Bacteria,Actinobacteriota,Acidimicrobiia,o__Acidimicrobiales,f__Ilumatobacteraceae,g__,s__
Ac.bin.316,Active,Bacteria,Actinobacteriota,Coriobacteriia,o__OPB41,f__JAAXUF01,g__JAAXWY01,s__
Ac.bin.382,Active,Bacteria,Actinobacteriota,Coriobacteriia,o__OPB41,f__JAAXUF01,g__,s__
Ac.bin.415,Active,Bacteria,Actinobacteriota,Actinomycetia,o__Actinomycetales,f__Microbacteriaceae,g__Rhodoglobus,s__
Ac.bin.439,Active,Bacteria,Actinobacteriota,Actinomycetia,o__Actinomycetales,f__Microbacteriaceae,g__Chryseoglobus,s__
Ac.bin.443,Active,Bacteria,Actinobacteriota,Coriobacteriia,o__OPB41,f__JAAXUF01,g__,s__
Ac.bin.66,Active,Bacteria,Actinobacteriota,Coriobacteriia,o__OPB41,f__UBA2279,g__UBA6100,s__
Re.bin.118,Relic,Bacteria,Actinobacteriota,Acidimicrobiia,o__UBA5794,f__ZC4RG35,g__MA-ANB-1,s__
Re.bin.129,Relic,Bacteria,Actinobacteriota,Acidimicrobiia,o__Acidimicrobiales,f__Ilumatobacteraceae,g__,s__
Re.bin.136,Relic,Bacteria,Actinobacteriota,Rubrobacteria,o__Rubrobacterales,f__Rubrobacteraceae,g__JACDDK01,s__
Re.bin.162,Relic,Bacteria,Actinobacteriota,Acidimicrobiia,o__Acidimicrobiales,f__Ilumatobacteraceae,g__,s__
Re.bin.164,Relic,Bacteria,Actinobacteriota,Acidimicrobiia,o__UBA5794,f__ZC4RG35,g__ZC4RG35,s__
Re.bin.166,Relic,Bacteria,Actinobacteriota,Acidimicrobiia,o__Acidimicrobiales,f__Ilumatobacteraceae,g__Ilumatobacter_A,s__
Re.bin.181,Relic,Bacteria,Actinobacteriota,Actinomycetia,o__Mycobacteriales,f__Geodermatophilaceae,g__JACCTY01,s__
Re.bin.187,Relic,Bacteria,Actinobacteriota,Acidimicrobiia,o__UBA5794,f__ZC4RG35,g__MA-ANB-1,s__
Re.bin.196,Relic,Bacteria,Actinobacteriota,Rubrobacteria,o__Rubrobacterales,f__Rubrobacteraceae,g__JACDDK01,s__
Re.bin.199,Relic,Bacteria,Actinobacteriota,Actinomycetia,o__Euzebyales,f__Euzebyaceae,g__Euzebya,s__
Re.bin.204,Relic,Bacteria,Actinobacteriota,Acidimicrobiia,o__Acidimicrobiales,f__JACDCH01,g__,s__
Re.bin.206,Relic,Bacteria,Actinobacteriota,Actinomycetia,o__Actinomycetales,f__Dermatophilaceae,g__,s__
Re.bin.214,Relic,Bacteria,Actinobacteriota,Acidimicrobiia,o__UBA5794,f__ZC4RG35,g__MA-ANB-1,s__
Re.bin.240,Relic,Bacteria,Actinobacteriota,Acidimicrobiia,o__UBA5794,f__ZC4RG35,g__JACCTH01,s__
Re.bin.241,Relic,Bacteria,Actinobacteriota,Acidimicrobiia,o__UBA5794,f__ZC4RG35,g__,s__
Re.bin.252,Relic,Bacteria,Actinobacteriota,Acidimicrobiia,o__Acidimicrobiales,f__Ilumatobacteraceae,g__,s__
Re.bin.274,Relic,Bacteria,Actinobacteriota,Acidimicrobiia,o__Acidimicrobiales,f__,g__,s__
Re.bin.277,Relic,Bacteria,Actinobacteriota,Acidimicrobiia,o__Acidimicrobiales,f__,g__,s__
Re.bin.28,Relic,Bacteria,Actinobacteriota,Acidimicrobiia,o__UBA5794,f__ZC4RG35,g__JACCTH01,s__
Re.bin.280,Relic,Bacteria,Actinobacteriota,Thermoleophilia,o__Solirubrobacterales,f__70-9,g__RHKX01,s__
Re.bin.287,Relic,Bacteria,Actinobacteriota,Rubrobacteria,o__Rubrobacterales,f__Rubrobacteraceae,g__SIRX01,s__
Re.bin.3,Relic,Bacteria,Actinobacteriota,Acidimicrobiia,o__IMCC26256,f__IMCC26256,g__,s__
Re.bin.304,Relic,Bacteria,Actinobacteriota,Acidimicrobiia,o__UBA5794,f__,g__,s__
Re.bin.32,Relic,Bacteria,Actinobacteriota,Acidimicrobiia,o__UBA5794,f__ZC4RG35,g__,s__
Re.bin.323,Relic,Bacteria,Actinobacteriota,Acidimicrobiia,o__Acidimicrobiales,f__Ilumatobacteraceae,g__Ilumatobacter,s__
Re.bin.326,Relic,Bacteria,Actinobacteriota,Acidimicrobiia,o__UBA5794,f__ZC4RG35,g__,s__
Re.bin.328,Relic,Bacteria,Actinobacteriota,Acidimicrobiia,o__Acidimicrobiales,f__Ilumatobacteraceae,g__,s__
Re.bin.339,Relic,Bacteria,Actinobacteriota,Actinomycetia,o__Actinomycetales,f__Dermatophilaceae,g__,s__
Re.bin.341,Relic,Bacteria,Actinobacteriota,Acidimicrobiia,o__UBA5794,f__ZC4RG35,g__,s__
Re.bin.362,Relic,Bacteria,Actinobacteriota,Actinomycetia,o__Actinomycetales,f__Microbacteriaceae,g__Chryseoglobus,s__
Re.bin.367,Relic,Bacteria,Actinobacteriota,Acidimicrobiia,o__Acidimicrobiales,f__JACDCH01,g__,s__
Re.bin.384,Relic,Bacteria,Actinobacteriota,Actinomycetia,o__Mycobacteriales,f__QHCE01,g__QHCE01,s__
Re.bin.389,Relic,Bacteria,Actinobacteriota,Acidimicrobiia,o__Acidimicrobiales,f__Ilumatobacteraceae,g__,s__
Re.bin.393,Relic,Bacteria,Actinobacteriota,Acidimicrobiia,o__Acidimicrobiales,f__Ilumatobacteraceae,g__WLMZ01,s__
Re.bin.398,Relic,Bacteria,Actinobacteriota,Acidimicrobiia,o__UBA5794,f__ZC4RG35,g__MA-ANB-1,s__
Re.bin.41,Relic,Bacteria,Actinobacteriota,Acidimicrobiia,o__Acidimicrobiales,f__JACDCH01,g__VFJN01,s__
Re.bin.46,Relic,Bacteria,Actinobacteriota,Actinomycetia,o__Euzebyales,f__Euzebyaceae,g__Euzebya,s__
Re.bin.47,Relic,Bacteria,Actinobacteriota,Actinomycetia,o__Mycobacteriales,f__Pseudonocardiaceae,g__GCA-003244245,s__
Re.bin.56,Relic,Bacteria,Actinobacteriota,Actinomycetia,o__Mycobacteriales,f__Pseudonocardiaceae,g__GCA-003244245,s__
Re.bin.65,Relic,Bacteria,Actinobacteriota,Rubrobacteria,o__Rubrobacterales,f__Rubrobacteraceae,g__SCSIO-52909,s__
Re.bin.69,Relic,Bacteria,Actinobacteriota,Thermoleophilia,o__Gaiellales,f__Gaiellaceae,g__,s__
Re.bin.79,Relic,Bacteria,Actinobacteriota,Acidimicrobiia,o__Acidimicrobiales,f__Ilumatobacteraceae,g__Ilumatobacter,s__
Re.bin.82,Relic,Bacteria,Actinobacteriota,Acidimicrobiia,o__UBA5794,f__ZC4RG35,g__MA-ANB-1,s__
Re.bin.92,Relic,Bacteria,Actinobacteriota,Actinomycetia,o__Actinomycetales,f__Microbacteriaceae,g__Chryseoglobus,s__
Ac.bin.126,Active,Bacteria,Armatimonadota,Fimbriimonadia,o__Fimbriimonadales,f__Fimbriimonadaceae,g__,s__
Ac.bin.136,Active,Bacteria,Armatimonadota,Fimbriimonadia,o__Fimbriimonadales,f__Fimbriimonadaceae,g__UphvI-Ar2,s__
Ac.bin.166,Active,Bacteria,Armatimonadota,Fimbriimonadia,o__Fimbriimonadales,f__Fimbriimonadaceae,g__UphvI-Ar2,s__
Re.bin.171,Relic,Bacteria,Armatimonadota,Abditibacteria,o__Abditibacteriales,f__Abditibacteriaceae,g__Abditibacterium,s__
Re.bin.2,Relic,Bacteria,Armatimonadota,Abditibacteria,o__Abditibacteriales,f__Abditibacteriaceae,g__Abditibacterium,s__
Re.bin.222,Relic,Bacteria,Armatimonadota,Abditibacteria,o__Abditibacteriales,f__Abditibacteriaceae,g__Abditibacterium,s__
Re.bin.276,Relic,Bacteria,Armatimonadota,Fimbriimonadia,o__Fimbriimonadales,f__Fimbriimonadaceae,g__Fimbriimonas,s__
Re.bin.331,Relic,Bacteria,Armatimonadota,Fimbriimonadia,o__Fimbriimonadales,f__ATM1,g__,s__
Ac.bin.105,Active,Bacteria,Bacteroidota,Bacteroidia,o__Chitinophagales,f__Chitinophagaceae,g__SpSt-398,s__
Ac.bin.111,Active,Bacteria,Bacteroidota,Bacteroidia,o__Chitinophagales,f__Chitinophagaceae,g__SXYR01,s__
Ac.bin.119,Active,Bacteria,Bacteroidota,Bacteroidia,o__Flavobacteriales,f__Crocinitomicaceae,g__UBA2040,s__
Ac.bin.123,Active,Bacteria,Bacteroidota,Bacteroidia,o__Chitinophagales,f__Chitinophagaceae,g__Ferruginibacter,s__
Ac.bin.130,Active,Bacteria,Bacteroidota,Bacteroidia,o__Cytophagales,f__Cyclobacteriaceae,g__ELB16-189,s__
Ac.bin.15,Active,Bacteria,Bacteroidota,Bacteroidia,o__Cytophagales,f__Cyclobacteriaceae,g__Chryseolinea,s__
Ac.bin.170,Active,Bacteria,Bacteroidota,Ignavibacteria,o__Ignavibacteriales,f__Melioribacteraceae,g__GCA-2746605,s__
Ac.bin.171,Active,Bacteria,Bacteroidota,Bacteroidia,o__J057,f__J057,g__,s__
Ac.bin.182,Active,Bacteria,Bacteroidota,Bacteroidia,o__Chitinophagales,f__Saprospiraceae,g__M3007,s__
Ac.bin.184,Active,Bacteria,Bacteroidota,Bacteroidia,o__Chitinophagales,f__Saprospiraceae,g__UBA6168,s__
Ac.bin.198,Active,Bacteria,Bacteroidota,Bacteroidia,o__Chitinophagales,f__Chitinophagaceae,g__Ferruginibacter,s__
Ac.bin.20,Active,Bacteria,Bacteroidota,Bacteroidia,o__Bacteroidales,f__VadinHA17,g__SR-FBR-E99,s__
Ac.bin.203,Active,Bacteria,Bacteroidota,Bacteroidia,o__Chitinophagales,f__Saprospiraceae,g__Haliscomenobacter,s__
Ac.bin.210,Active,Bacteria,Bacteroidota,Bacteroidia,o__Chitinophagales,f__Chitinophagaceae,g__,s__
Ac.bin.227,Active,Bacteria,Bacteroidota,Bacteroidia,o__Chitinophagales,f__Chitinophagaceae,g__Ferruginibacter,s__
Ac.bin.24,Active,Bacteria,Bacteroidota,Bacteroidia,o__Bacteroidales,f__Prolixibacteraceae,g__Draconibacterium,s__
Ac.bin.264,Active,Bacteria,Bacteroidota,Bacteroidia,o__Chitinophagales,f__Chitinophagaceae,g__,s__
Ac.bin.273,Active,Bacteria,Bacteroidota,Bacteroidia,o__Flavobacteriales,f__Schleiferiaceae,g__RFXV01,s__
Ac.bin.275,Active,Bacteria,Bacteroidota,Bacteroidia,o__Chitinophagales,f__Saprospiraceae,g__OLB9,s__
Ac.bin.279,Active,Bacteria,Bacteroidota,Bacteroidia,o__Bacteroidales,f__JAADGE01,g__,s__
Ac.bin.284,Active,Bacteria,Bacteroidota,Ignavibacteria,o__Ignavibacteriales,f__Ignavibacteriaceae,g__XYD12-FULL-36-8,s__
Ac.bin.294,Active,Bacteria,Bacteroidota,Bacteroidia,o__Chitinophagales,f__Chitinophagaceae,g__JJ008,s__
Ac.bin.3,Active,Bacteria,Bacteroidota,Ignavibacteria,o__Ignavibacteriales,f__Ignavibacteriaceae,g__Ignavibacterium,s__
Ac.bin.300,Active,Bacteria,Bacteroidota,Rhodothermia,o__Rhodothermales,f__,g__,s__
Ac.bin.318,Active,Bacteria,Bacteroidota,Bacteroidia,o__Cytophagales,f__Amoebophilaceae,g__,s__
Ac.bin.331,Active,Bacteria,Bacteroidota,Bacteroidia,o__Flavobacteriales,f__Flavobacteriaceae,g__Cellulophaga,s__
Ac.bin.335,Active,Bacteria,Bacteroidota,Bacteroidia,o__Cytophagales,f__Cyclobacteriaceae,g__Chryseolinea,s__
Ac.bin.346,Active,Bacteria,Bacteroidota,Bacteroidia,o__Bacteroidales,f__Prolixibacteraceae,g__Draconibacterium,s__
Ac.bin.371,Active,Bacteria,Bacteroidota,Bacteroidia,o__Bacteroidales,f__UBA10428,g__UBA5072,s__
Ac.bin.376,Active,Bacteria,Bacteroidota,Bacteroidia,o__Bacteroidales,f__UBA10428,g__UBA5072,s__
Ac.bin.40,Active,Bacteria,Bacteroidota,Bacteroidia,o__Chitinophagales,f__Saprospiraceae,g__,s__
Ac.bin.403,Active,Bacteria,Bacteroidota,Bacteroidia,o__Cytophagales,f__Cyclobacteriaceae,g__ELB16-189,s__
Ac.bin.418,Active,Bacteria,Bacteroidota,Bacteroidia,o__J057,f__J057,g__,s__
Ac.bin.422,Active,Bacteria,Bacteroidota,Bacteroidia,o__Bacteroidales,f__Lentimicrobiaceae,g__UBA4417,s__
Ac.bin.423,Active,Bacteria,Bacteroidota,Bacteroidia,o__Bacteroidales,f__Prolixibacteraceae,g__UBA6024,s__
Ac.bin.47,Active,Bacteria,Bacteroidota,Bacteroidia,o__Flavobacteriales,f__Flavobacteriaceae,g__Gillisia,s__
Ac.bin.482,Active,Bacteria,Bacteroidota,Bacteroidia,o__Chitinophagales,f__Saprospiraceae,g__UBA6168,s__
Ac.bin.485,Active,Bacteria,Bacteroidota,Bacteroidia,o__Cytophagales,f__Cyclobacteriaceae,g__JAAUQL01,s__
Ac.bin.491,Active,Bacteria,Bacteroidota,Bacteroidia,o__Cytophagales,f__Spirosomaceae,g__Arundinibacter,s__
Ac.bin.499,Active,Bacteria,Bacteroidota,Bacteroidia,o__Flavobacteriales,f__Schleiferiaceae,g__,s__
Ac.bin.502,Active,Bacteria,Bacteroidota,Bacteroidia,o__Chitinophagales,f__Saprospiraceae,g__Lewinella,s__
Ac.bin.70,Active,Bacteria,Bacteroidota,Bacteroidia,o__Flavobacteriales,f__PHOS-HE28,g__PHOS-HE28,s__
Ac.bin.76,Active,Bacteria,Bacteroidota,Bacteroidia,o__Flavobacteriales,f__Flavobacteriaceae,g__UM-FILTER-40-17,s__
Ac.bin.86,Active,Bacteria,Bacteroidota,Bacteroidia,o__Flavobacteriales,f__Flavobacteriaceae,g__,s__
Ac.bin.9,Active,Bacteria,Bacteroidota,Bacteroidia,o__Flavobacteriales,f__Cryomorphaceae,g__Cryomorpha,s__
Re.bin.100,Relic,Bacteria,Bacteroidota,Bacteroidia,o__Chitinophagales,f__Saprospiraceae,g__JABDLO01,s__
Re.bin.104,Relic,Bacteria,Bacteroidota,Bacteroidia,o__Sphingobacteriales,f__Sphingobacteriaceae,g__Daejeonella,s__
Re.bin.107,Relic,Bacteria,Bacteroidota,Rhodothermia,o__Balneolales,f__HLUCCA01,g__,s__
Re.bin.109,Relic,Bacteria,Bacteroidota,Bacteroidia,o__Cytophagales,f__Cyclobacteriaceae,g__Aquiflexum,s__
Re.bin.11,Relic,Bacteria,Bacteroidota,Bacteroidia,o__Chitinophagales,f__Saprospiraceae,g__JABDMH01,s__
Re.bin.111,Relic,Bacteria,Bacteroidota,Bacteroidia,o__Cytophagales,f__Cyclobacteriaceae,g__,s__
Re.bin.126,Relic,Bacteria,Bacteroidota,Bacteroidia,o__Flavobacteriales,f__Flavobacteriaceae,g__Aquaticitalea,s__
Re.bin.130,Relic,Bacteria,Bacteroidota,Bacteroidia,o__Chitinophagales,f__CAIOSU01,g__,s__
Re.bin.132,Relic,Bacteria,Bacteroidota,Bacteroidia,o__Cytophagales,f__Cyclobacteriaceae,g__Rhodonellum,s__
Re.bin.137,Relic,Bacteria,Bacteroidota,Bacteroidia,o__Flavobacteriales,f__Flavobacteriaceae,g__Planktosalinus,s__
Re.bin.150,Relic,Bacteria,Bacteroidota,Rhodothermia,o__Rhodothermales,f__Rubricoccaceae,g__,s__
Re.bin.155,Relic,Bacteria,Bacteroidota,Bacteroidia,o__Flavobacteriales,f__Flavobacteriaceae,g__Aquaticitalea,s__
Re.bin.157,Relic,Bacteria,Bacteroidota,Bacteroidia,o__Cytophagales,f__Cyclobacteriaceae,g__,s__
Re.bin.165,Relic,Bacteria,Bacteroidota,Bacteroidia,o__Cytophagales,f__Cyclobacteriaceae,g__ELB16-189,s__
Re.bin.168,Relic,Bacteria,Bacteroidota,Bacteroidia,o__Flavobacteriales,f__Flavobacteriaceae,g__Arenibacter,s__
Re.bin.170,Relic,Bacteria,Bacteroidota,Bacteroidia,o__Cytophagales,f__Cyclobacteriaceae,g__Chryseolinea,s__
Re.bin.172,Relic,Bacteria,Bacteroidota,Bacteroidia,o__Chitinophagales,f__Saprospiraceae,g__Lewinella_A,s__
Re.bin.173,Relic,Bacteria,Bacteroidota,Bacteroidia,o__Flavobacteriales,f__PHOS-HE28,g__PHOS-HE28,s__
Re.bin.180,Relic,Bacteria,Bacteroidota,Bacteroidia,o__Flavobacteriales,f__Flavobacteriaceae,g__MAR-2010-188,s__
Re.bin.201,Relic,Bacteria,Bacteroidota,Rhodothermia,o__Balneolales,f__Balneolaceae,g__SW132,s__
Re.bin.21,Relic,Bacteria,Bacteroidota,Bacteroidia,o__Cytophagales,f__Cyclobacteriaceae,g__,s__
Re.bin.211,Relic,Bacteria,Bacteroidota,Bacteroidia,o__Flavobacteriales,f__Flavobacteriaceae,g__CWB-1,s__
Re.bin.218,Relic,Bacteria,Bacteroidota,Bacteroidia,o__Chitinophagales,f__Saprospiraceae,g__,s__
Re.bin.224,Relic,Bacteria,Bacteroidota,Bacteroidia,o__Cytophagales,f__Cyclobacteriaceae,g__Rhodonellum,s__
Re.bin.237,Relic,Bacteria,Bacteroidota,Bacteroidia,o__Cytophagales,f__Cyclobacteriaceae,g__,s__
Re.bin.25,Relic,Bacteria,Bacteroidota,Bacteroidia,o__Chitinophagales,f__Saprospiraceae,g__Lewinella_A,s__
Re.bin.250,Relic,Bacteria,Bacteroidota,Bacteroidia,o__Flavobacteriales,f__Flavobacteriaceae,g__Pricia,s__
Re.bin.253,Relic,Bacteria,Bacteroidota,Bacteroidia,o__Flavobacteriales,f__PHOS-HE28,g__PHOS-HE28,s__
Re.bin.263,Relic,Bacteria,Bacteroidota,Bacteroidia,o__Chitinophagales,f__Chitinophagaceae,g__JACDAZ01,s__
Re.bin.270,Relic,Bacteria,Bacteroidota,Bacteroidia,o__Cytophagales,f__Cyclobacteriaceae,g__,s__
Re.bin.283,Relic,Bacteria,Bacteroidota,Bacteroidia,o__Cytophagales,f__Cyclobacteriaceae,g__,s__
Re.bin.284,Relic,Bacteria,Bacteroidota,Bacteroidia,o__Chitinophagales,f__Chitinophagaceae,g__Ferruginibacter,s__
Re.bin.302,Relic,Bacteria,Bacteroidota,Bacteroidia,o__Flavobacteriales,f__Flavobacteriaceae,g__Planktosalinus,s__
Re.bin.303,Relic,Bacteria,Bacteroidota,Bacteroidia,o__Chitinophagales,f__Saprospiraceae,g__,s__
Re.bin.315,Relic,Bacteria,Bacteroidota,Bacteroidia,o__Flavobacteriales,f__Flavobacteriaceae,g__Muriicola,s__
Re.bin.325,Relic,Bacteria,Bacteroidota,Bacteroidia,o__Cytophagales,f__Cyclobacteriaceae,g__,s__
Re.bin.335,Relic,Bacteria,Bacteroidota,Bacteroidia,o__Chitinophagales,f__Saprospiraceae,g__SLDF01,s__
Re.bin.342,Relic,Bacteria,Bacteroidota,Bacteroidia,o__Flavobacteriales,f__Cryomorphaceae,g__Cryomorpha,s__
Re.bin.343,Relic,Bacteria,Bacteroidota,Bacteroidia,o__Flavobacteriales,f__Flavobacteriaceae,g__Zeaxanthinibacter,s__
Re.bin.344,Relic,Bacteria,Bacteroidota,Bacteroidia,o__Sphingobacteriales,f__Sphingobacteriaceae,g__,s__
Re.bin.37,Relic,Bacteria,Bacteroidota,Bacteroidia,o__Flavobacteriales,f__Flavobacteriaceae,g__Zeaxanthinibacter,s__
Re.bin.383,Relic,Bacteria,Bacteroidota,Bacteroidia,o__Flavobacteriales,f__Flavobacteriaceae,g__Gillisia,s__
Re.bin.386,Relic,Bacteria,Bacteroidota,Bacteroidia,o__Chitinophagales,f__Chitinophagaceae,g__,s__
Re.bin.387,Relic,Bacteria,Bacteroidota,Bacteroidia,o__Flavobacteriales,f__Flavobacteriaceae,g__R33,s__
Re.bin.59,Relic,Bacteria,Bacteroidota,Bacteroidia,o__Cytophagales,f__Spirosomaceae,g__Persicitalea,s__
Re.bin.60,Relic,Bacteria,Bacteroidota,Bacteroidia,o__Cytophagales,f__Cyclobacteriaceae,g__,s__
Re.bin.62,Relic,Bacteria,Bacteroidota,Bacteroidia,o__Flavobacteriales,f__Flavobacteriaceae,g__Aquaticitalea,s__
Re.bin.71,Relic,Bacteria,Bacteroidota,Bacteroidia,o__Cytophagales,f__Cyclobacteriaceae,g__Aquiflexum,s__
Re.bin.78,Relic,Bacteria,Bacteroidota,Bacteroidia,o__Flavobacteriales,f__Flavobacteriaceae,g__,s__
Re.bin.81,Relic,Bacteria,Bacteroidota,Bacteroidia,o__Chitinophagales,f__Chitinophagaceae,g__Flavihumibacter,s__
Re.bin.84,Relic,Bacteria,Bacteroidota,Bacteroidia,o__Chitinophagales,f__BACL12,g__,s__
Ac.bin.109,Active,Bacteria,Bdellovibrionota,Bdellovibrionia,o__UBA1018,f__UBA1018,g__JACMQW01,s__
Ac.bin.12,Active,Bacteria,Bdellovibrionota,FAC87,o__UBA2466,f__,g__,s__
Ac.bin.19,Active,Bacteria,Bdellovibrionota,Oligoflexia,o__Oligoflexales,f__CACXFL01,g__,s__
Ac.bin.215,Active,Bacteria,Bdellovibrionota,Bdellovibrionia,o__Bdellovibrionales,f__UBA1609,g__,s__
Ac.bin.222,Active,Bacteria,Bdellovibrionota,UBA2361,o__UBA2361,f__CAIXSY01,g__,s__
Ac.bin.239,Active,Bacteria,Bdellovibrionota,UBA2361,o__UBA2361,f__,g__,s__
Ac.bin.254,Active,Bacteria,Bdellovibrionota,Bdellovibrionia,o__Bdellovibrionales,f__,g__,s__
Ac.bin.259,Active,Bacteria,Bdellovibrionota,UBA2361,o__UBA2361,f__UBA2361,g__,s__
Ac.bin.261,Active,Bacteria,Bdellovibrionota,UBA2361,o__UBA2361,f__UBA2361,g__,s__
Ac.bin.263,Active,Bacteria,Bdellovibrionota,Bdellovibrionia,o__Bdellovibrionales,f__UBA1609,g__,s__
Ac.bin.270,Active,Bacteria,Bdellovibrionota,FAC87,o__UBA2466,f__,g__,s__
Ac.bin.325,Active,Bacteria,Bdellovibrionota,UBA2428,o__UBA2428,f__UBA2428,g__,s__
Ac.bin.328,Active,Bacteria,Bdellovibrionota,Bdellovibrionia,o__Bdellovibrionales,f__UBA1609,g__,s__
Ac.bin.350,Active,Bacteria,Bdellovibrionota,Oligoflexia,o__Oligoflexales,f__Oligoflexaceae,g__Oligoflexus,s__
Ac.bin.351,Active,Bacteria,Bdellovibrionota,UBA2428,o__UBA2428,f__UBA2428,g__,s__
Ac.bin.389,Active,Bacteria,Bdellovibrionota,FAC87,o__UBA2466,f__UBA2466,g__,s__
Ac.bin.393,Active,Bacteria,Bdellovibrionota,Bdellovibrionia,o__Bdellovibrionales,f__,g__,s__
Ac.bin.4,Active,Bacteria,Bdellovibrionota,Oligoflexia,o__Oligoflexales,f__Oligoflexaceae,g__Oligoflexus,s__
Ac.bin.419,Active,Bacteria,Bdellovibrionota,Oligoflexia,o__Oligoflexales,f__Oligoflexaceae,g__Oligoflexus,s__
Ac.bin.429,Active,Bacteria,Bdellovibrionota,Oligoflexia,o__Oligoflexales,f__RGVZ01,g__,s__
Ac.bin.431,Active,Bacteria,Bdellovibrionota,Bdellovibrionia,o__Bdellovibrionales,f__,g__,s__
Ac.bin.434,Active,Bacteria,Bdellovibrionota,Bdellovibrionia,o__Bdellovibrionales,f__UBA1609,g__,s__
Ac.bin.438,Active,Bacteria,Bdellovibrionota,Oligoflexia,o__Oligoflexales,f__CACXFL01,g__,s__
Ac.bin.463,Active,Bacteria,Bdellovibrionota,UBA2361,o__UBA2361,f__UBA2361,g__,s__
Ac.bin.49,Active,Bacteria,Bdellovibrionota,UBA2361,o__SZUA-149,f__,g__,s__
Ac.bin.497,Active,Bacteria,Bdellovibrionota,FAC87,o__UBA2466,f__,g__,s__
Ac.bin.59,Active,Bacteria,Bdellovibrionota,UBA2428,o__UBA2428,f__UBA2428,g__,s__
Ac.bin.74,Active,Bacteria,Bdellovibrionota,FAC87,o__UBA2466,f__,g__,s__
Ac.bin.96,Active,Bacteria,Bdellovibrionota,Bacteriovoracia,o__Bacteriovoracales,f__Bacteriovoracaceae,g__UBA4096,s__
Ac.bin.100,Active,Bacteria,Chlamydiota,Chlamydiia,o__Chlamydiales,f__JABDDJ01,g__JABDDJ01,s__
Ac.bin.334,Active,Bacteria,Chlamydiota,Chlamydiia,o__Chlamydiales,f__Waddliaceae,g__Waddlia,s__
Ac.bin.372,Active,Bacteria,Chlamydiota,Chlamydiia,o__Chlamydiales,f__FEN-1388,g__,s__
Re.bin.138,Relic,Bacteria,Chlamydiota,Chlamydiia,o__Chlamydiales,f__SM23-39,g__,s__
Ac.bin.169,Active,Bacteria,Chloroflexota,Anaerolineae,o__Anaerolineales,f__Anaerolineaceae,g__,s__
Ac.bin.17,Active,Bacteria,Chloroflexota,Dehalococcoidia,o__UBA2991,f__UBA2991,g__,s__
Ac.bin.224,Active,Bacteria,Chloroflexota,Anaerolineae,o__Thermoflexales,f__Fen-1058,g__,s__
Ac.bin.237,Active,Bacteria,Chloroflexota,Anaerolineae,o__B4-G1,f__SLSP01,g__DSWT01,s__
Ac.bin.287,Active,Bacteria,Chloroflexota,Anaerolineae,o__Anaerolineales,f__EnvOPS12,g__UBA12294,s__
Ac.bin.314,Active,Bacteria,Chloroflexota,Anaerolineae,o__Thermoflexales,f__Fen-1058,g__Fen-1058,s__
Ac.bin.327,Active,Bacteria,Chloroflexota,Anaerolineae,o__B4-G1,f__SLSP01,g__DSWT01,s__
Ac.bin.347,Active,Bacteria,Chloroflexota,Anaerolineae,o__SBR1031,f__A4b,g__OLB15,s__
Ac.bin.379,Active,Bacteria,Chloroflexota,Anaerolineae,o__B4-G1,f__SLSP01,g__DSWT01,s__
Ac.bin.385,Active,Bacteria,Chloroflexota,Anaerolineae,o__Caldilineales,f__Caldilineaceae,g__CFX5,s__
Ac.bin.409,Active,Bacteria,Chloroflexota,Anaerolineae,o__Anaerolineales,f__UBA4823,g__,s__
Ac.bin.430,Active,Bacteria,Chloroflexota,Anaerolineae,o__SBR1031,f__J027,g__CFX10,s__
Ac.bin.453,Active,Bacteria,Chloroflexota,Anaerolineae,o__Anaerolineales,f__EnvOPS12,g__UBA877,s__
Ac.bin.454,Active,Bacteria,Chloroflexota,Anaerolineae,o__SBR1031,f__A4b,g__OLB15,s__
Ac.bin.460,Active,Bacteria,Chloroflexota,Anaerolineae,o__4572-78,f__J111,g__DSQQ01,s__
Ac.bin.492,Active,Bacteria,Chloroflexota,Anaerolineae,o__SBR1031,f__A4b,g__OLB13,s__
Ac.bin.494,Active,Bacteria,Chloroflexota,Anaerolineae,o__SBR1031,f__A4b,g__CFX2,s__
Ac.bin.498,Active,Bacteria,Chloroflexota,Anaerolineae,o__SBR1031,f__A4b,g__,s__
Ac.bin.500,Active,Bacteria,Chloroflexota,Anaerolineae,o__SBR1031,f__A4b,g__GCA-2794515,s__
Ac.bin.92,Active,Bacteria,Chloroflexota,Anaerolineae,o__Anaerolineales,f__EnvOPS12,g__,s__
Re.bin.102,Relic,Bacteria,Chloroflexota,Ellin6529,o__QHBO01,f__QHBO01,g__JACDBZ01,s__
Re.bin.121,Relic,Bacteria,Chloroflexota,Chloroflexia,o__Thermomicrobiales,f__UBA6265,g__JACCYX01,s__
Re.bin.128,Relic,Bacteria,Chloroflexota,Anaerolineae,o__Promineofilales,f__Promineofilaceae,g__GCA-2699125,s__
Re.bin.198,Relic,Bacteria,Chloroflexota,Chloroflexia,o__Thermomicrobiales,f__UBA6265,g__JACCXM01,s__
Re.bin.207,Relic,Bacteria,Chloroflexota,Ellin6529,o__CSP1-4,f__CSP1-4,g__Palsa-1032,s__
Re.bin.245,Relic,Bacteria,Chloroflexota,Anaerolineae,o__SBR1031,f__A4b,g__,s__
Re.bin.248,Relic,Bacteria,Chloroflexota,Anaerolineae,o__SBR1031,f__A4b,g__GCA-2702065,s__
Re.bin.271,Relic,Bacteria,Chloroflexota,Ellin6529,o__CSP1-4,f__CSP1-4,g__,s__
Re.bin.278,Relic,Bacteria,Chloroflexota,Anaerolineae,o__Promineofilales,f__Promineofilaceae,g__WTJY01,s__
Re.bin.29,Relic,Bacteria,Chloroflexota,Chloroflexia,o__Thermomicrobiales,f__,g__,s__
Re.bin.319,Relic,Bacteria,Chloroflexota,Dehalococcoidia,o__UBA2991,f__UBA2991,g__FeB-14,s__
Re.bin.321,Relic,Bacteria,Chloroflexota,Anaerolineae,o__Caldilineales,f__Caldilineaceae,g__CFX5,s__
Re.bin.34,Relic,Bacteria,Chloroflexota,Chloroflexia,o__Thermomicrobiales,f__UBA6265,g__,s__
Re.bin.345,Relic,Bacteria,Chloroflexota,Ellin6529,o__QHBO01,f__QHBO01,g__JACDBZ01,s__
Re.bin.352,Relic,Bacteria,Chloroflexota,Dehalococcoidia,o__UBA2991,f__UBA2991,g__FeB-14,s__
Re.bin.38,Relic,Bacteria,Chloroflexota,Chloroflexia,o__Thermomicrobiales,f__CFX8,g__JACCZH01,s__
Re.bin.381,Relic,Bacteria,Chloroflexota,Chloroflexia,o__Thermomicrobiales,f__UBA6265,g__JACCYX01,s__
Re.bin.382,Relic,Bacteria,Chloroflexota,Ellin6529,o__CSP1-4,f__CSP1-4,g__SPCO01,s__
Re.bin.48,Relic,Bacteria,Chloroflexota,Chloroflexia,o__Thermomicrobiales,f__CFX8,g__,s__
Re.bin.63,Relic,Bacteria,Chloroflexota,Anaerolineae,o__SBR1031,f__A4b,g__GCA-2702065,s__
Re.bin.80,Relic,Bacteria,Chloroflexota,Chloroflexia,o__Thermomicrobiales,f__UBA6265,g__JACCYX01,s__
Re.bin.87,Relic,Bacteria,Chloroflexota,Chloroflexia,o__Thermomicrobiales,f__UBA6265,g__JACCYX01,s__
Ac.bin.221,Active,Bacteria,Cyanobacteria,Cyanobacteriia,o__Phormidesmiales,f__Phormidesmiaceae,g__Phormidesmis,s__
Ac.bin.258,Active,Bacteria,Cyanobacteria,Cyanobacteriia,o__Cyanobacteriales,f__Microcoleaceae,g__Microcoleus,s__
Ac.bin.262,Active,Bacteria,Cyanobacteria,Cyanobacteriia,o__Phormidesmiales,f__Phormidesmiaceae,g__Nodosilinea,s__
Ac.bin.293,Active,Bacteria,Cyanobacteria,Cyanobacteriia,o__Cyanobacteriales,f__Chamaesiphonaceae,g__Chamaesiphon,s__
Ac.bin.30,Active,Bacteria,Cyanobacteria,Cyanobacteriia,o__Cyanobacteriales,f__Chamaesiphonaceae,g__Chamaesiphon,s__
Ac.bin.332,Active,Bacteria,Cyanobacteria,Cyanobacteriia,o__Elainellales,f__Elainellaceae,g__Elainella,s__
Ac.bin.345,Active,Bacteria,Cyanobacteria,Cyanobacteriia,o__Cyanobacteriales,f__Chamaesiphonaceae,g__Chamaesiphon,s__
Ac.bin.348,Active,Bacteria,Cyanobacteria,Vampirovibrionia,o__Caenarcaniphilales,f__,g__,s__
Ac.bin.364,Active,Bacteria,Cyanobacteria,Cyanobacteriia,o__Cyanobacteriales,f__Microcoleaceae,g__Microcoleus,s__
Ac.bin.367,Active,Bacteria,Cyanobacteria,Vampirovibrionia,o__Vampirovibrionales,f__Vampirovibrionaceae,g__Vampirovibrio,s__
Ac.bin.370,Active,Bacteria,Cyanobacteria,Cyanobacteriia,o__Cyanobacteriales,f__Nostocaceae,g__Rivularia,s__
Ac.bin.374,Active,Bacteria,Cyanobacteria,Cyanobacteriia,o__Elainellales,f__Elainellaceae,g__Elainella,s__Elainella sp012033495
Ac.bin.440,Active,Bacteria,Cyanobacteria,Cyanobacteriia,o__Cyanobacteriales,f__Cyanobacteriaceae,g__Geminocystis,s__Geminocystis sp009993045
Ac.bin.456,Active,Bacteria,Cyanobacteria,Cyanobacteriia,o__Elainellales,f__Elainellaceae,g__,s__
Ac.bin.461,Active,Bacteria,Cyanobacteria,Cyanobacteriia,o__Thermosynechococcales,f__Thermosynechococcaceae,g__JAAURS01,s__
Ac.bin.478,Active,Bacteria,Cyanobacteria,Cyanobacteriia,o__Leptolyngbyales,f__Leptolyngbyaceae,g__ULC077BIN1,s__
Ac.bin.55,Active,Bacteria,Cyanobacteria,Cyanobacteriia,o__Cyanobacteriales,f__Microcystaceae,g__Synechocystis,s__
Ac.bin.85,Active,Bacteria,Cyanobacteria,Cyanobacteriia,o__Leptolyngbyales,f__Leptolyngbyaceae,g__ULC077BIN1,s__
Re.bin.123,Relic,Bacteria,Cyanobacteria,Cyanobacteriia,o__Cyanobacteriales,f__Chroococcidiopsidaceae,g__,s__
Re.bin.146,Relic,Bacteria,Cyanobacteria,Cyanobacteriia,o__Thermosynechococcales,f__Thermosynechococcaceae,g__,s__
Re.bin.15,Relic,Bacteria,Cyanobacteria,Cyanobacteriia,o__Thermosynechococcales,f__Thermosynechococcaceae,g__,s__
Re.bin.161,Relic,Bacteria,Cyanobacteria,Cyanobacteriia,o__Cyanobacteriales,f__Xenococcaceae,g__Pleurocapsa,s__
Re.bin.202,Relic,Bacteria,Cyanobacteria,Cyanobacteriia,o__Cyanobacteriales,f__Nostocaceae,g__Nostoc,s__
Re.bin.210,Relic,Bacteria,Cyanobacteria,Cyanobacteriia,o__Cyanobacteriales,f__Nostocaceae,g__Nodularia,s__
Re.bin.213,Relic,Bacteria,Cyanobacteria,Cyanobacteriia,o__Phormidesmiales,f__Phormidesmiaceae,g__Phormidesmis,s__
Re.bin.22,Relic,Bacteria,Cyanobacteria,Cyanobacteriia,o__Elainellales,f__Elainellaceae,g__,s__
Re.bin.221,Relic,Bacteria,Cyanobacteria,Cyanobacteriia,o__Cyanobacteriales,f__Microcystaceae,g__,s__
Re.bin.262,Relic,Bacteria,Cyanobacteria,Cyanobacteriia,o__Phormidesmiales,f__Phormidesmiaceae,g__Phormidesmis,s__
Re.bin.299,Relic,Bacteria,Cyanobacteria,Cyanobacteriia,o__Leptolyngbyales,f__Leptolyngbyaceae,g__Stenomitos,s__
Re.bin.35,Relic,Bacteria,Cyanobacteria,Cyanobacteriia,o__Phormidesmiales,f__Phormidesmiaceae,g__Nodosilinea,s__
Re.bin.359,Relic,Bacteria,Cyanobacteria,Cyanobacteriia,o__Thermosynechococcales,f__Thermosynechococcaceae,g__,s__
Re.bin.360,Relic,Bacteria,Cyanobacteria,Cyanobacteriia,o__Cyanobacteriales,f__Nostocaceae,g__Nostoc,s__
Re.bin.388,Relic,Bacteria,Cyanobacteria,Cyanobacteriia,o__Cyanobacteriales,f__Microcystaceae,g__,s__
Re.bin.397,Relic,Bacteria,Cyanobacteria,Cyanobacteriia,o__Phormidesmiales,f__Phormidesmiaceae,g__Phormidesmis,s__
Re.bin.42,Relic,Bacteria,Cyanobacteria,Cyanobacteriia,o__Elainellales,f__Elainellaceae,g__,s__
Re.bin.54,Relic,Bacteria,Cyanobacteria,Cyanobacteriia,o__Phormidesmiales,f__Phormidesmiaceae,g__Phormidesmis,s__
Re.bin.95,Relic,Bacteria,Cyanobacteria,Cyanobacteriia,o__Phormidesmiales,f__Phormidesmiaceae,g__PCC-6406,s__
Re.bin.209,Relic,Bacteria,Deinococcota,Deinococci,o__Deinococcales,f__Trueperaceae,g__Truepera,s__
Re.bin.238,Relic,Bacteria,Deinococcota,Deinococci,o__Deinococcales,f__Trueperaceae,g__Truepera,s__
Ac.bin.83,Active,Bacteria,Dependentiae,Babeliae,o__Babeliales,f__Vermiphilaceae,g__,s__
Re.bin.8,Relic,Bacteria,Dependentiae,Babeliae,o__Babeliales,f__,g__,s__
Ac.bin.162,Active,Bacteria,Desulfobacterota,Desulfomonilia,o__Desulfomonilales,f__Desulfomonilaceae,g__,s__
Ac.bin.175,Active,Bacteria,Desulfobacterota,Desulfomonilia,o__UBA1062,f__UBA1062,g__MWEI01,s__
Ac.bin.18,Active,Bacteria,Desulfobacterota,Desulfobaccia,o__Desulfobaccales,f__0-14-0-80-60-11,g__0-14-0-80-60-11,s__
Ac.bin.195,Active,Bacteria,Desulfobacterota,Desulfobaccia,o__Desulfobaccales,f__0-14-0-80-60-11,g__DTKJ01,s__
Ac.bin.209,Active,Bacteria,Desulfobacterota,Desulfomonilia,o__Desulfomonilales,f__Desulfomonilaceae,g__Desulfomonile,s__
Ac.bin.21,Active,Bacteria,Desulfobacterota,Desulfobacteria,o__Desulfobacterales,f__SURF-7,g__,s__
Ac.bin.225,Active,Bacteria,Desulfobacterota,SM23-61,o__WTBG01,f__WTBG01,g__,s__
Ac.bin.252,Active,Bacteria,Desulfobacterota,Desulfobaccia,o__Desulfobaccales,f__0-14-0-80-60-11,g__DTKJ01,s__
Ac.bin.290,Active,Bacteria,Desulfobacterota,Desulfobacteria,o__Desulfobacterales,f__Desulfosarcinaceae,g__Desulfatitalea,s__
Ac.bin.307,Active,Bacteria,Desulfobacterota,Desulfobulbia,o__Desulfobulbales,f__Desulfobulbaceae,g__Desulfobulbus,s__
Ac.bin.343,Active,Bacteria,Desulfobacterota,Desulfobacteria,o__Desulfobacterales,f__Desulfococcaceae,g__Desulfococcus,s__
Ac.bin.361,Active,Bacteria,Desulfobacterota,Desulfomonilia,o__Desulfomonilales,f__Desulfomonilaceae,g__Desulfomonile,s__
Ac.bin.413,Active,Bacteria,Desulfobacterota,Desulfobacteria,o__Desulfobacterales,f__UBA2174,g__SpSt-501,s__
Ac.bin.421,Active,Bacteria,Desulfobacterota,Desulfobacteria,o__Desulfatiglandales,f__Desulfatiglandaceae,g__CG2-30-51-40,s__
Ac.bin.61,Active,Bacteria,Desulfobacterota,Syntrophia,o__Syntrophales,f__Smithellaceae,g__UBA8904,s__
Ac.bin.93,Active,Bacteria,Desulfobacterota,Desulfobacteria,o__Desulfatiglandales,f__Desulfatiglandaceae,g__JACNIU01,s__
Re.bin.110,Relic,Bacteria,Desulfobacterota,Binatia,o__UBA9968,f__UBA9968,g__DP-20,s__
Re.bin.194,Relic,Bacteria,Desulfobacterota,Binatia,o__,f__,g__,s__
Re.bin.355,Relic,Bacteria,Desulfobacterota,Binatia,o__HRBIN30,f__CADEER01,g__CADEER01,s__
Ac.bin.446,Active,Bacteria,Desulfobacterota,UBA1144,o__UBA2774,f__UBA2774,g__2-12-FULL-53-21,s__
Ac.bin.493,Active,Bacteria,Desulfobacterota,UBA1144,o__UBA2774,f__UBA2774,g__2-12-FULL-53-21,s__
Ac.bin.321,Active,Bacteria,Desulfobacterota,Desulfuromonadia,o__Geobacterales,f__Pseudopelobacteraceae,g__Pseudopelobacter,s__
Ac.bin.338,Active,Bacteria,Desulfobacterota,Desulfuromonadia,o__Geobacterales,f__Pseudopelobacteraceae,g__Pseudopelobacter,s__
Ac.bin.53,Active,Bacteria,Fermentibacterota,Fermentibacteria,o__Fermentibacterales,f__Fermentibacteraceae,g__UBA6080,s__
Re.bin.239,Relic,Bacteria,Fibrobacterota,Fibrobacteria,o__UBA11236,f__UBA11236,g__,s__
Re.bin.399,Relic,Bacteria,Fibrobacterota,Fibrobacteria,o__UBA11236,f__,g__,s__
Ac.bin.104,Active,Bacteria,Firmicutes,Bacilli,o__Lactobacillales,f__Carnobacteriaceae,g__Carnobacterium_A,s__Carnobacterium_A alterfunditum
Ac.bin.397,Active,Bacteria,Firmicutes,Bacilli,o__Erysipelotrichales,f__Erysipelotrichaceae,g__GWE2-51-13,s__
Ac.bin.63,Active,Bacteria,Firmicutes,Bacilli,o__Lactobacillales,f__Carnobacteriaceae,g__Carnobacterium,s__Carnobacterium maltaromaticum
Re.bin.374,Relic,Bacteria,Firmicutes,Bacilli,o__Bacillales_A,f__Planococcaceae,g__Paenisporosarcina,s__
Ac.bin.1,Active,Bacteria,Firmicutes,Clostridia,o__Eubacteriales,f__Eubacteriaceae,g__Acetobacterium,s__
Ac.bin.152,Active,Bacteria,Firmicutes,Clostridia,o__Eubacteriales,f__Eubacteriaceae,g__Acetobacterium,s__Acetobacterium dehalogenans
Ac.bin.161,Active,Bacteria,Firmicutes,Clostridia,o__Peptostreptococcales,f__Acidaminobacteraceae,g__UBA5201,s__
Ac.bin.268,Active,Bacteria,Firmicutes,Clostridia,o__Lachnospirales,f__Lachnospiraceae,g__Acetivibrio_A,s__
Ac.bin.315,Active,Bacteria,Firmicutes,Clostridia,o__Peptostreptococcales,f__Filifactoraceae,g__Proteocatella,s__
Ac.bin.445,Active,Bacteria,Firmicutes,Clostridia,o__Peptostreptococcales,f__Acidaminobacteraceae,g__,s__
Ac.bin.466,Active,Bacteria,Firmicutes,Clostridia,o__Peptostreptococcales,f__Anaerovoracaceae,g__,s__
Ac.bin.71,Active,Bacteria,Firmicutes,Clostridia,o__Acetivibrionales,f__DSM-8532,g__,s__
Ac.bin.158,Active,Bacteria,Firmicutes,TC1,o__TC1,f__TC1,g__WTXA01,s__
Ac.bin.173,Active,Bacteria,Firmicutes,Negativicutes,o__UBA1444,f__UBA1444,g__UBA1444,s__
Ac.bin.256,Active,Bacteria,Firmicutes,Negativicutes,o__UBA1444,f__UBA1444,g__UBA1444,s__
Ac.bin.174,Active,Bacteria,Gemmatimonadota,Gemmatimonadetes,o__Gemmatimonadales,f__GWC2-71-9,g__SZUA-320,s__
Ac.bin.353,Active,Bacteria,Gemmatimonadota,Gemmatimonadetes,o__Gemmatimonadales,f__Gemmatimonadaceae,g__JACMLX01,s__
Re.bin.106,Relic,Bacteria,Gemmatimonadota,Gemmatimonadetes,o__Gemmatimonadales,f__Gemmatimonadaceae,g__SCN-70-22,s__
Re.bin.144,Relic,Bacteria,Gemmatimonadota,Gemmatimonadetes,o__Gemmatimonadales,f__Gemmatimonadaceae,g__JAABRT01,s__
Re.bin.154,Relic,Bacteria,Gemmatimonadota,Gemmatimonadetes,o__Longimicrobiales,f__Longimicrobiaceae,g__WHSP01,s__
Re.bin.156,Relic,Bacteria,Gemmatimonadota,Gemmatimonadetes,o__Gemmatimonadales,f__GWC2-71-9,g__JACDDX01,s__
Re.bin.18,Relic,Bacteria,Gemmatimonadota,Gemmatimonadetes,o__Gemmatimonadales,f__Gemmatimonadaceae,g__UBA4720,s__
Re.bin.183,Relic,Bacteria,Gemmatimonadota,Gemmatimonadetes,o__Gemmatimonadales,f__Gemmatimonadaceae,g__,s__
Re.bin.193,Relic,Bacteria,Gemmatimonadota,Gemmatimonadetes,o__Gemmatimonadales,f__Gemmatimonadaceae,g__JAABRT01,s__
Re.bin.208,Relic,Bacteria,Gemmatimonadota,Gemmatimonadetes,o__Gemmatimonadales,f__Gemmatimonadaceae,g__UBA4720,s__
Re.bin.227,Relic,Bacteria,Gemmatimonadota,Gemmatimonadetes,o__Gemmatimonadales,f__GWC2-71-9,g__Palsa-1233,s__
Re.bin.320,Relic,Bacteria,Gemmatimonadota,Gemmatimonadetes,o__Gemmatimonadales,f__Gemmatimonadaceae,g__UBA4720,s__
Re.bin.330,Relic,Bacteria,Gemmatimonadota,Gemmatimonadetes,o__Longimicrobiales,f__UBA6960,g__,s__
Re.bin.357,Relic,Bacteria,Gemmatimonadota,Gemmatimonadetes,o__Gemmatimonadales,f__Gemmatimonadaceae,g__PNKF01,s__
Re.bin.371,Relic,Bacteria,Gemmatimonadota,Gemmatimonadetes,o__Longimicrobiales,f__UBA6960,g__,s__
Re.bin.373,Relic,Bacteria,Gemmatimonadota,Gemmatimonadetes,o__Gemmatimonadales,f__Gemmatimonadaceae,g__,s__
Re.bin.378,Relic,Bacteria,Gemmatimonadota,Gemmatimonadetes,o__Gemmatimonadales,f__Gemmatimonadaceae,g__,s__
Re.bin.390,Relic,Bacteria,Gemmatimonadota,Gemmatimonadetes,o__Gemmatimonadales,f__GWC2-71-9,g__JACDDX01,s__
Re.bin.43,Relic,Bacteria,Gemmatimonadota,Gemmatimonadetes,o__Gemmatimonadales,f__Gemmatimonadaceae,g__JAABRT01,s__
Re.bin.61,Relic,Bacteria,Gemmatimonadota,Gemmatimonadetes,o__Gemmatimonadales,f__Gemmatimonadaceae,g__JAABRT01,s__
Re.bin.68,Relic,Bacteria,Gemmatimonadota,Gemmatimonadetes,o__Gemmatimonadales,f__Gemmatimonadaceae,g__JAABRT01,s__
Re.bin.7,Relic,Bacteria,Gemmatimonadota,Gemmatimonadetes,o__Gemmatimonadales,f__GWC2-71-9,g__SZUA-320,s__
Ac.bin.187,Active,Bacteria,Hydrogenedentota,Hydrogenedentia,o__Hydrogenedentiales,f__GCA-2746185,g__VFKU01,s__
Re.bin.30,Relic,Bacteria,Hydrogenedentota,Hydrogenedentia,o__Hydrogenedentiales,f__,g__,s__
Ac.bin.129,Active,Bacteria,Krumholzibacteriota,Krumholzibacteria,o__WVZY01,f__WVZY01,g__,s__
Ac.bin.283,Active,Bacteria,Krumholzibacteriota,Krumholzibacteria,o__LZORAL124-64-63,f__,g__,s__
Ac.bin.212,Active,Bacteria,Myxococcota,B64-G9,o__B64-G9,f__B64-G9,g__,s__
Ac.bin.243,Active,Bacteria,Myxococcota,Myxococcia,o__Myxococcales,f__Myxococcaceae,g__,s__
Ac.bin.395,Active,Bacteria,Myxococcota,Polyangia,o__Polyangiales,f__Polyangiaceae,g__,s__
Re.bin.235,Relic,Bacteria,Myxococcota,Myxococcia,o__Myxococcales,f__Myxococcaceae,g__,s__
Re.bin.395,Relic,Bacteria,Myxococcota,Polyangia,o__Polyangiales,f__Polyangiaceae,g__,s__
Re.bin.89,Relic,Bacteria,Myxococcota,UBA9160,o__UBA9160,f__UBA9160,g__CAADGG01,s__
Ac.bin.133,Active,Bacteria,Nitrospirota,Nitrospiria,o__Nitrospirales,f__Nitrospiraceae,g__Nitrospira_F,s__
Ac.bin.384,Active,Bacteria,Nitrospirota,Nitrospiria,o__Nitrospirales,f__UBA8639,g__UBA8639,s__
Re.bin.116,Relic,Bacteria,Nitrospirota,Nitrospiria,o__Nitrospirales,f__Nitrospiraceae,g__Palsa-1315,s__
Re.bin.147,Relic,Bacteria,Nitrospirota,Nitrospiria,o__Nitrospirales,f__Nitrospiraceae,g__Palsa-1315,s__
Re.bin.159,Relic,Bacteria,Nitrospirota,Nitrospiria,o__Nitrospirales,f__UBA8639,g__UBA8639,s__
Re.bin.223,Relic,Bacteria,Nitrospirota,Nitrospiria,o__Nitrospirales,f__Nitrospiraceae,g__Palsa-1315,s__
Re.bin.351,Relic,Bacteria,Nitrospirota,Nitrospiria,o__Nitrospirales,f__Nitrospiraceae,g__Palsa-1315,s__
Re.bin.370,Relic,Bacteria,Nitrospirota,Nitrospiria,o__Nitrospirales,f__UBA8639,g__UBA8639,s__
Re.bin.385,Relic,Bacteria,Nitrospirota,Nitrospiria,o__Nitrospirales,f__Nitrospiraceae,g__Nitrospira_F,s__
Ac.bin.102,Active,Bacteria,Patescibacteria,Paceibacteria,o__UBA9983_A,f__CAIZLB01,g__CAIZLB01,s__
Ac.bin.117,Active,Bacteria,Patescibacteria,Paceibacteria,o__UBA9983_A,f__GCA-2747955,g__,s__
Ac.bin.137,Active,Bacteria,Patescibacteria,Saccharimonadia,o__Saccharimonadales,f__JACDFO01,g__JACDFO01,s__
Ac.bin.14,Active,Bacteria,Patescibacteria,Microgenomatia,o__,f__,g__,s__
Ac.bin.142,Active,Bacteria,Patescibacteria,ABY1,o__BM507,f__UBA12465,g__GCA-002841655,s__
Ac.bin.151,Active,Bacteria,Patescibacteria,Microgenomatia,o__GWA2-44-7,f__UBA8517,g__01-FULL-44-24b,s__
Ac.bin.154,Active,Bacteria,Patescibacteria,Paceibacteria,o__UBA9983_A,f__UBA2163,g__OLB19,s__
Ac.bin.179,Active,Bacteria,Patescibacteria,Dojkabacteria,o__SC72,f__SC72,g__UBA9296,s__
Ac.bin.200,Active,Bacteria,Patescibacteria,Paceibacteria,o__UBA9983_A,f__JAACPR01,g__,s__
Ac.bin.207,Active,Bacteria,Patescibacteria,ABY1,o__UBA10025,f__,g__,s__
Ac.bin.220,Active,Bacteria,Patescibacteria,Saccharimonadia,o__Saccharimonadales,f__CAIOMD01,g__,s__
Ac.bin.229,Active,Bacteria,Patescibacteria,Paceibacteria,o__UBA9983_A,f__UBA2163,g__OLB19,s__
Ac.bin.234,Active,Bacteria,Patescibacteria,Dojkabacteria,o__B142,f__,g__,s__
Ac.bin.247,Active,Bacteria,Patescibacteria,Dojkabacteria,o__B142,f__,g__,s__
Ac.bin.281,Active,Bacteria,Patescibacteria,Gracilibacteria,o__CAIRYL01,f__,g__,s__
Ac.bin.289,Active,Bacteria,Patescibacteria,Gracilibacteria,o__CAIRYL01,f__,g__,s__
Ac.bin.29,Active,Bacteria,Patescibacteria,Dojkabacteria,o__B142,f__,g__,s__
Ac.bin.291,Active,Bacteria,Patescibacteria,Paceibacteria,o__UBA9983_A,f__UBA2163,g__OLB19,s__
Ac.bin.297,Active,Bacteria,Patescibacteria,Paceibacteria,o__UBA9983_A,f__UBA2163,g__OLB19,s__
Ac.bin.299,Active,Bacteria,Patescibacteria,Saccharimonadia,o__Saccharimonadales,f__UBA7683,g__UBA7683,s__
Ac.bin.303,Active,Bacteria,Patescibacteria,CPR2,o__UBA1875,f__CAIMLA01,g__,s__
Ac.bin.308,Active,Bacteria,Patescibacteria,Gracilibacteria,o__UBA1369,f__UBA1369,g__,s__
Ac.bin.309,Active,Bacteria,Patescibacteria,ABY1,o__SBBC01,f__PEXW01,g__CAIPSZ01,s__
Ac.bin.323,Active,Bacteria,Patescibacteria,Paceibacteria,o__Moranbacterales,f__GCA-2747515,g__,s__
Ac.bin.341,Active,Bacteria,Patescibacteria,Paceibacteria,o__UBA9983_A,f__UBA9973,g__UBA8515,s__
Ac.bin.356,Active,Bacteria,Patescibacteria,CPR2,o__UBA1875,f__UBA1875,g__,s__
Ac.bin.359,Active,Bacteria,Patescibacteria,Paceibacteria,o__UBA9983_A,f__JAACPR01,g__,s__
Ac.bin.366,Active,Bacteria,Patescibacteria,Saccharimonadia,o__Saccharimonadales,f__SZUA-47,g__SZUA-47,s__
Ac.bin.368,Active,Bacteria,Patescibacteria,ABY1,o__XYB2-FULL-38-15,f__XYB2-FULL-38-15,g__,s__
Ac.bin.38,Active,Bacteria,Patescibacteria,Paceibacteria,o__UBA9983_A,f__UBA9973,g__UBA8515,s__
Ac.bin.391,Active,Bacteria,Patescibacteria,Paceibacteria,o__UBA9983_A,f__UBA2163,g__OLB19,s__
Ac.bin.425,Active,Bacteria,Patescibacteria,Microgenomatia,o__UBA10105,f__UBA927,g__,s__
Ac.bin.432,Active,Bacteria,Patescibacteria,Paceibacteria,o__Moranbacterales,f__GWC2-37-73,g__,s__
Ac.bin.455,Active,Bacteria,Patescibacteria,Paceibacteria,o__UBA9983_A,f__UBA2163,g__OLB19,s__
Ac.bin.458,Active,Bacteria,Patescibacteria,ABY1,o__SG8-24,f__2-12-FULL-60-25,g__MWCR01,s__
Ac.bin.46,Active,Bacteria,Patescibacteria,Gracilibacteria,o__UBA1369,f__UBA1369,g__,s__
Ac.bin.474,Active,Bacteria,Patescibacteria,Saccharimonadia,o__Saccharimonadales,f__JACDBH01,g__JACDBH01,s__
Ac.bin.481,Active,Bacteria,Patescibacteria,Paceibacteria,o__UBA9983_A,f__UBA2163,g__OLB19,s__
Ac.bin.487,Active,Bacteria,Patescibacteria,Paceibacteria,o__UBA9983_A,f__UBA2163,g__OLB19,s__
Ac.bin.489,Active,Bacteria,Patescibacteria,Dojkabacteria,o__B142,f__J137,g__,s__
Ac.bin.65,Active,Bacteria,Patescibacteria,Gracilibacteria,o__Absconditabacterales,f__X112,g__,s__
Ac.bin.87,Active,Bacteria,Patescibacteria,Saccharimonadia,o__Saccharimonadales,f__SZUA-47,g__SZUA-47,s__
Ac.bin.91,Active,Bacteria,Patescibacteria,Dojkabacteria,o__SC72,f__,g__,s__
Ac.bin.97,Active,Bacteria,Patescibacteria,JABMPQ01,o__JABMPQ01,f__JABMPQ01,g__,s__
Ac.bin.99,Active,Bacteria,Patescibacteria,Paceibacteria,o__UBA9983_A,f__UBA2163,g__OLB19,s__
Re.bin.174,Relic,Bacteria,Patescibacteria,Saccharimonadia,o__Saccharimonadales,f__,g__,s__
Re.bin.179,Relic,Bacteria,Patescibacteria,Microgenomatia,o__UBA1400,f__PJMF01,g__,s__
Re.bin.182,Relic,Bacteria,Patescibacteria,Saccharimonadia,o__Saccharimonadales,f__Saccharimonadaceae,g__GCA-2861585,s__
Re.bin.329,Relic,Bacteria,Patescibacteria,Saccharimonadia,o__Saccharimonadales,f__JACDFO01,g__JACDFO01,s__
Re.bin.358,Relic,Bacteria,Patescibacteria,Microgenomatia,o__Levybacterales,f__UBA12049,g__JACDET01,s__
Re.bin.36,Relic,Bacteria,Patescibacteria,Saccharimonadia,o__Saccharimonadales,f__UBA4665,g__PMNU01,s__
Re.bin.364,Relic,Bacteria,Patescibacteria,Saccharimonadia,o__Saccharimonadales,f__UBA4665,g__UBA4665,s__
Re.bin.368,Relic,Bacteria,Patescibacteria,Saccharimonadia,o__UBA4664,f__UBA4664,g__UBA5169,s__
Re.bin.391,Relic,Bacteria,Patescibacteria,Paceibacteria,o__UBA9983_A,f__Zambryskibacteraceae,g__,s__
Re.bin.396,Relic,Bacteria,Patescibacteria,Saccharimonadia,o__Saccharimonadales,f__UBA4665,g__,s__
Re.bin.6,Relic,Bacteria,Patescibacteria,Paceibacteria,o__UBA9983_A,f__JAACPR01,g__,s__
Re.bin.76,Relic,Bacteria,Patescibacteria,Saccharimonadia,o__Saccharimonadales,f__,g__,s__
Re.bin.99,Relic,Bacteria,Patescibacteria,Saccharimonadia,o__Saccharimonadales,f__SLHW01,g__,s__
Ac.bin.10,Active,Bacteria,Planctomycetota,Planctomycetes,o__Pirellulales,f__Pirellulaceae,g__,s__
Ac.bin.106,Active,Bacteria,Planctomycetota,Phycisphaerae,o__Phycisphaerales,f__SM1A02,g__J022,s__
Ac.bin.110,Active,Bacteria,Planctomycetota,Planctomycetes,o__Pirellulales,f__Pirellulaceae,g__JAAYDI01,s__
Ac.bin.113,Active,Bacteria,Planctomycetota,Planctomycetes,o__Pirellulales,f__Pirellulaceae,g__Pirellula_B,s__
Ac.bin.114,Active,Bacteria,Planctomycetota,Planctomycetes,o__Pirellulales,f__Pirellulaceae,g__UBA11363,s__
Ac.bin.115,Active,Bacteria,Planctomycetota,Phycisphaerae,o__Phycisphaerales,f__SM1A02,g__UBA11155,s__
Ac.bin.118,Active,Bacteria,Planctomycetota,Planctomycetes,o__Pirellulales,f__Pirellulaceae,g__,s__
Ac.bin.122,Active,Bacteria,Planctomycetota,Phycisphaerae,o__Phycisphaerales,f__SM1A02,g__UBA4658,s__
Ac.bin.124,Active,Bacteria,Planctomycetota,Planctomycetes,o__Pirellulales,f__Pirellulaceae,g__,s__
Ac.bin.134,Active,Bacteria,Planctomycetota,Planctomycetes,o__Planctomycetales,f__Planctomycetaceae,g__,s__
Ac.bin.143,Active,Bacteria,Planctomycetota,Phycisphaerae,o__Phycisphaerales,f__SM1A02,g__GCA-2732755,s__
Ac.bin.144,Active,Bacteria,Planctomycetota,Planctomycetes,o__Pirellulales,f__Pirellulaceae,g__BJ22,s__
Ac.bin.147,Active,Bacteria,Planctomycetota,Planctomycetes,o__Pirellulales,f__Pirellulaceae,g__UBA11363,s__
Ac.bin.153,Active,Bacteria,Planctomycetota,Planctomycetes,o__Gemmatales,f__Gemmataceae,g__Limnoglobus,s__
Ac.bin.156,Active,Bacteria,Planctomycetota,Planctomycetes,o__Pirellulales,f__Pirellulaceae,g__UBA11363,s__
Ac.bin.163,Active,Bacteria,Planctomycetota,Planctomycetes,o__Pirellulales,f__Pirellulaceae,g__UBA11363,s__
Ac.bin.165,Active,Bacteria,Planctomycetota,Planctomycetes,o__Pirellulales,f__Pirellulaceae,g__BJ22,s__
Ac.bin.167,Active,Bacteria,Planctomycetota,Planctomycetes,o__Isosphaerales,f__Isosphaeraceae,g__,s__
Ac.bin.168,Active,Bacteria,Planctomycetota,Planctomycetes,o__Pirellulales,f__Ga0077529,g__Pla111,s__
Ac.bin.172,Active,Bacteria,Planctomycetota,Planctomycetes,o__Planctomycetales,f__Planctomycetaceae,g__,s__
Ac.bin.176,Active,Bacteria,Planctomycetota,Phycisphaerae,o__UBA1161,f__UBA1161,g__JACMML01,s__
Ac.bin.180,Active,Bacteria,Planctomycetota,Planctomycetes,o__Pirellulales,f__Pirellulaceae,g__,s__
Ac.bin.186,Active,Bacteria,Planctomycetota,Planctomycetes,o__Pirellulales,f__Pirellulaceae,g__Mariniblastus,s__
Ac.bin.191,Active,Bacteria,Planctomycetota,Planctomycetes,o__Pirellulales,f__PALSA-1355,g__PALSA-1355,s__
Ac.bin.193,Active,Bacteria,Planctomycetota,Planctomycetes,o__Pirellulales,f__Pirellulaceae,g__,s__
Ac.bin.197,Active,Bacteria,Planctomycetota,Planctomycetes,o__Pirellulales,f__Ga0077529,g__Pla175,s__
Ac.bin.2,Active,Bacteria,Planctomycetota,Planctomycetes,o__Gemmatales,f__Gemmataceae,g__Gemmata,s__
Ac.bin.204,Active,Bacteria,Planctomycetota,Planctomycetes,o__Pirellulales,f__Pirellulaceae,g__Rhodopirellula_A,s__
Ac.bin.216,Active,Bacteria,Planctomycetota,Planctomycetes,o__Pirellulales,f__Pirellulaceae,g__BJ22,s__
Ac.bin.219,Active,Bacteria,Planctomycetota,Planctomycetes,o__Pirellulales,f__Pirellulaceae,g__Rubripirellula,s__
Ac.bin.226,Active,Bacteria,Planctomycetota,Phycisphaerae,o__UBA1161,f__UBA1161,g__JACMML01,s__
Ac.bin.23,Active,Bacteria,Planctomycetota,Planctomycetes,o__Pirellulales,f__Pirellulaceae,g__UBA6163,s__
Ac.bin.231,Active,Bacteria,Planctomycetota,Planctomycetes,o__Pirellulales,f__Pirellulaceae,g__Rhodopirellula,s__
Ac.bin.232,Active,Bacteria,Planctomycetota,Planctomycetes,o__Pirellulales,f__Ga0077529,g__Lacipirellula,s__
Ac.bin.242,Active,Bacteria,Planctomycetota,Planctomycetes,o__Pirellulales,f__Pirellulaceae,g__BJ22,s__
Ac.bin.244,Active,Bacteria,Planctomycetota,Planctomycetes,o__Pirellulales,f__Pirellulaceae,g__,s__
Ac.bin.248,Active,Bacteria,Planctomycetota,Planctomycetes,o__Pirellulales,f__Pirellulaceae,g__UBA11363,s__
Ac.bin.260,Active,Bacteria,Planctomycetota,Planctomycetes,o__Pirellulales,f__Pirellulaceae,g__,s__
Ac.bin.267,Active,Bacteria,Planctomycetota,Planctomycetes,o__Pirellulales,f__,g__,s__
Ac.bin.269,Active,Bacteria,Planctomycetota,Planctomycetes,o__Isosphaerales,f__Isosphaeraceae,g__,s__
Ac.bin.278,Active,Bacteria,Planctomycetota,Planctomycetes,o__Planctomycetales,f__Planctomycetaceae,g__Mal4,s__
Ac.bin.280,Active,Bacteria,Planctomycetota,Planctomycetes,o__Pirellulales,f__Pirellulaceae,g__UBA11363,s__
Ac.bin.286,Active,Bacteria,Planctomycetota,Phycisphaerae,o__Phycisphaerales,f__SM1A02,g__RECZ01,s__
Ac.bin.296,Active,Bacteria,Planctomycetota,Planctomycetes,o__Planctomycetales,f__Planctomycetaceae,g__Mal4,s__
Ac.bin.305,Active,Bacteria,Planctomycetota,Phycisphaerae,o__Phycisphaerales,f__SM1A02,g__JABWBB01,s__
Ac.bin.311,Active,Bacteria,Planctomycetota,Planctomycetes,o__Pirellulales,f__Ga0077529,g__Bythopirellula,s__
Ac.bin.339,Active,Bacteria,Planctomycetota,Phycisphaerae,o__Phycisphaerales,f__SM1A02,g__REDD01,s__
Ac.bin.344,Active,Bacteria,Planctomycetota,Planctomycetes,o__Pirellulales,f__Ga0077529,g__Bythopirellula,s__
Ac.bin.352,Active,Bacteria,Planctomycetota,Phycisphaerae,o__Phycisphaerales,f__SM1A02,g__UBA4658,s__
Ac.bin.357,Active,Bacteria,Planctomycetota,Phycisphaerae,o__UBA1161,f__UBA1161,g__JACMML01,s__
Ac.bin.36,Active,Bacteria,Planctomycetota,Planctomycetes,o__Pirellulales,f__Ga0077529,g__,s__
Ac.bin.363,Active,Bacteria,Planctomycetota,UBA1135,o__UBA1135,f__GCA-002686595,g__Pla86,s__
Ac.bin.375,Active,Bacteria,Planctomycetota,Planctomycetes,o__Pirellulales,f__PALSA-1355,g__LB-PLM-3,s__
Ac.bin.377,Active,Bacteria,Planctomycetota,Phycisphaerae,o__Sedimentisphaerales,f__Anaerohalophaeraceae,g__UBA7708,s__
Ac.bin.383,Active,Bacteria,Planctomycetota,Planctomycetes,o__Isosphaerales,f__Isosphaeraceae,g__,s__
Ac.bin.388,Active,Bacteria,Planctomycetota,Planctomycetes,o__Pirellulales,f__PNKZ01,g__,s__
Ac.bin.39,Active,Bacteria,Planctomycetota,Phycisphaerae,o__Sedimentisphaerales,f__Anaerohalophaeraceae,g__FEN-1350,s__
Ac.bin.392,Active,Bacteria,Planctomycetota,Planctomycetes,o__Pirellulales,f__Pirellulaceae,g__JAAYDI01,s__
Ac.bin.394,Active,Bacteria,Planctomycetota,Planctomycetes,o__Gemmatales,f__Gemmataceae,g__Limnoglobus,s__
Ac.bin.396,Active,Bacteria,Planctomycetota,Planctomycetes,o__Isosphaerales,f__Isosphaeraceae,g__,s__
Ac.bin.399,Active,Bacteria,Planctomycetota,Phycisphaerae,o__Phycisphaerales,f__Phycisphaeraceae,g__,s__
Ac.bin.400,Active,Bacteria,Planctomycetota,Planctomycetes,o__Planctomycetales,f__Planctomycetaceae,g__SXXK01,s__
Ac.bin.405,Active,Bacteria,Planctomycetota,Phycisphaerae,o__Phycisphaerales,f__Phycisphaeraceae,g__JAAUTM01,s__
Ac.bin.406,Active,Bacteria,Planctomycetota,Planctomycetes,o__Gemmatales,f__Gemmataceae,g__Limnoglobus,s__
Ac.bin.41,Active,Bacteria,Planctomycetota,Planctomycetes,o__Pirellulales,f__Pirellulaceae,g__UBA11363,s__
Ac.bin.416,Active,Bacteria,Planctomycetota,Planctomycetes,o__Pirellulales,f__Pirellulaceae,g__ETA-A8,s__
Ac.bin.417,Active,Bacteria,Planctomycetota,Planctomycetes,o__Isosphaerales,f__Isosphaeraceae,g__Aquisphaera,s__
Ac.bin.42,Active,Bacteria,Planctomycetota,Phycisphaerae,o__Phycisphaerales,f__SM1A02,g__UBA6054,s__
Ac.bin.43,Active,Bacteria,Planctomycetota,Planctomycetes,o__Pirellulales,f__Ga0077529,g__JABDGM01,s__
Ac.bin.433,Active,Bacteria,Planctomycetota,Planctomycetes,o__Planctomycetales,f__Planctomycetaceae,g__DSVQ01,s__
Ac.bin.441,Active,Bacteria,Planctomycetota,Planctomycetes,o__Pirellulales,f__Pirellulaceae,g__UBA11363,s__
Ac.bin.448,Active,Bacteria,Planctomycetota,Planctomycetes,o__Planctomycetales,f__Planctomycetaceae,g__SXPC01,s__
Ac.bin.449,Active,Bacteria,Planctomycetota,Planctomycetes,o__Planctomycetales,f__Planctomycetaceae,g__SXXK01,s__
Ac.bin.45,Active,Bacteria,Planctomycetota,Planctomycetes,o__Pirellulales,f__Pirellulaceae,g__UBA6163,s__
Ac.bin.450,Active,Bacteria,Planctomycetota,Planctomycetes,o__Pirellulales,f__Ga0077529,g__Lacipirellula,s__
Ac.bin.459,Active,Bacteria,Planctomycetota,Planctomycetes,o__Pirellulales,f__PALSA-1355,g__LB-PLM-3,s__
Ac.bin.464,Active,Bacteria,Planctomycetota,Planctomycetes,o__Pirellulales,f__Pirellulaceae,g__BJ22,s__
Ac.bin.471,Active,Bacteria,Planctomycetota,Planctomycetes,o__Pirellulales,f__Ga0077529,g__,s__
Ac.bin.473,Active,Bacteria,Planctomycetota,Phycisphaerae,o__Phycisphaerales,f__SM1A02,g__,s__
Ac.bin.483,Active,Bacteria,Planctomycetota,Phycisphaerae,o__Phycisphaerales,f__SM1A02,g__UBA4658,s__
Ac.bin.486,Active,Bacteria,Planctomycetota,Planctomycetes,o__Isosphaerales,f__Isosphaeraceae,g__CAIYJE01,s__
Ac.bin.496,Active,Bacteria,Planctomycetota,Planctomycetes,o__Gemmatales,f__Gemmataceae,g__PALSA-1347,s__
Ac.bin.51,Active,Bacteria,Planctomycetota,Planctomycetes,o__Gemmatales,f__Gemmataceae,g__PALSA-1347,s__
Ac.bin.57,Active,Bacteria,Planctomycetota,Phycisphaerae,o__Phycisphaerales,f__SM1A02,g__DSSA01,s__
Ac.bin.62,Active,Bacteria,Planctomycetota,Planctomycetes,o__Gemmatales,f__Gemmataceae,g__Gemmata,s__
Ac.bin.64,Active,Bacteria,Planctomycetota,Planctomycetes,o__Pirellulales,f__Pirellulaceae,g__Rubripirellula,s__
Ac.bin.67,Active,Bacteria,Planctomycetota,Planctomycetes,o__Pirellulales,f__Ga0077529,g__Pla175,s__
Ac.bin.68,Active,Bacteria,Planctomycetota,Phycisphaerae,o__Phycisphaerales,f__SM1A02,g__DSSA01,s__
Ac.bin.7,Active,Bacteria,Planctomycetota,Planctomycetes,o__Pirellulales,f__Pirellulaceae,g__,s__
Ac.bin.75,Active,Bacteria,Planctomycetota,Planctomycetes,o__Gemmatales,f__Gemmataceae,g__Gemmata,s__
Ac.bin.79,Active,Bacteria,Planctomycetota,Phycisphaerae,o__Phycisphaerales,f__SM1A02,g__,s__
Ac.bin.81,Active,Bacteria,Planctomycetota,Planctomycetes,o__Gemmatales,f__Gemmataceae,g__Limnoglobus,s__
Ac.bin.90,Active,Bacteria,Planctomycetota,Planctomycetes,o__Planctomycetales,f__Planctomycetaceae,g__,s__
Ac.bin.94,Active,Bacteria,Planctomycetota,Planctomycetes,o__Pirellulales,f__Pirellulaceae,g__JC640,s__
Re.bin.103,Relic,Bacteria,Planctomycetota,Planctomycetes,o__Isosphaerales,f__Isosphaeraceae,g__,s__
Re.bin.108,Relic,Bacteria,Planctomycetota,Phycisphaerae,o__UBA1161,f__,g__,s__
Re.bin.117,Relic,Bacteria,Planctomycetota,Planctomycetes,o__Pirellulales,f__Pirellulaceae,g__UBA6163,s__
Re.bin.133,Relic,Bacteria,Planctomycetota,Phycisphaerae,o__UBA1845,f__UBA1845,g__SBAX01,s__
Re.bin.139,Relic,Bacteria,Planctomycetota,Planctomycetes,o__Pirellulales,f__,g__,s__
Re.bin.14,Relic,Bacteria,Planctomycetota,Planctomycetes,o__Pirellulales,f__Pirellulaceae,g__,s__
Re.bin.143,Relic,Bacteria,Planctomycetota,Planctomycetes,o__Pirellulales,f__Pirellulaceae,g__,s__
Re.bin.160,Relic,Bacteria,Planctomycetota,Planctomycetes,o__Isosphaerales,f__Isosphaeraceae,g__,s__
Re.bin.175,Relic,Bacteria,Planctomycetota,Planctomycetes,o__Pirellulales,f__Ga0077529,g__Bythopirellula,s__
Re.bin.185,Relic,Bacteria,Planctomycetota,Phycisphaerae,o__Phycisphaerales,f__SM1A02,g__UBA11155,s__
Re.bin.188,Relic,Bacteria,Planctomycetota,Phycisphaerae,o__Phycisphaerales,f__Phycisphaeraceae,g__,s__
Re.bin.190,Relic,Bacteria,Planctomycetota,Planctomycetes,o__Pirellulales,f__,g__,s__
Re.bin.200,Relic,Bacteria,Planctomycetota,Planctomycetes,o__Pirellulales,f__Pirellulaceae,g__,s__
Re.bin.216,Relic,Bacteria,Planctomycetota,Planctomycetes,o__Pirellulales,f__UBA1268,g__QWPN01,s__
Re.bin.234,Relic,Bacteria,Planctomycetota,Planctomycetes,o__Pirellulales,f__Pirellulaceae,g__GCA-2726245,s__
Re.bin.247,Relic,Bacteria,Planctomycetota,Planctomycetes,o__Pirellulales,f__Pirellulaceae,g__Mariniblastus,s__
Re.bin.27,Relic,Bacteria,Planctomycetota,Planctomycetes,o__Planctomycetales,f__Planctomycetaceae,g__,s__
Re.bin.282,Relic,Bacteria,Planctomycetota,Planctomycetes,o__Pirellulales,f__Pirellulaceae,g__BJ22,s__
Re.bin.296,Relic,Bacteria,Planctomycetota,Planctomycetes,o__Pirellulales,f__UBA7805,g__,s__
Re.bin.297,Relic,Bacteria,Planctomycetota,Planctomycetes,o__Planctomycetales,f__Planctomycetaceae,g__F1-80-MAGs062,s__
Re.bin.308,Relic,Bacteria,Planctomycetota,Planctomycetes,o__Pirellulales,f__Pirellulaceae,g__,s__
Re.bin.311,Relic,Bacteria,Planctomycetota,Phycisphaerae,o__Phycisphaerales,f__SM1A02,g__,s__
Re.bin.314,Relic,Bacteria,Planctomycetota,Planctomycetes,o__Pirellulales,f__UBA1268,g__QWPN01,s__
Re.bin.338,Relic,Bacteria,Planctomycetota,Planctomycetes,o__Pirellulales,f__Pirellulaceae,g__UBA6163,s__
Re.bin.347,Relic,Bacteria,Planctomycetota,Phycisphaerae,o__Phycisphaerales,f__Phycisphaeraceae,g__,s__
Re.bin.363,Relic,Bacteria,Planctomycetota,Planctomycetes,o__Pirellulales,f__Ga0077529,g__Bythopirellula,s__
Re.bin.49,Relic,Bacteria,Planctomycetota,Phycisphaerae,o__Phycisphaerales,f__SM1A02,g__,s__
Re.bin.55,Relic,Bacteria,Planctomycetota,Planctomycetes,o__Pirellulales,f__Pirellulaceae,g__UBA11363,s__
Re.bin.57,Relic,Bacteria,Planctomycetota,Planctomycetes,o__Pirellulales,f__Pirellulaceae,g__Mariniblastus,s__
Re.bin.67,Relic,Bacteria,Planctomycetota,Planctomycetes,o__Pirellulales,f__Pirellulaceae,g__ETA-A8,s__
Re.bin.72,Relic,Bacteria,Planctomycetota,Planctomycetes,o__Pirellulales,f__Pirellulaceae,g__Mariniblastus,s__
Re.bin.9,Relic,Bacteria,Planctomycetota,Phycisphaerae,o__Phycisphaerales,f__Phycisphaeraceae,g__,s__
Re.bin.94,Relic,Bacteria,Planctomycetota,Planctomycetes,o__Pirellulales,f__PALSA-1355,g__PALSA-1355,s__
Re.bin.98,Relic,Bacteria,Planctomycetota,Planctomycetes,o__Pirellulales,f__Ga0077529,g__Lacipirellula,s__
Ac.bin.101,Active,Bacteria,Proteobacteria,Gammaproteobacteria,o__Pseudomonadales,f__HTCC2089,g__SYFY01,s__
Ac.bin.107,Active,Bacteria,Proteobacteria,Alphaproteobacteria,o__Caulobacterales,f__Hyphomonadaceae,g__Hyphomonas,s__
Ac.bin.11,Active,Bacteria,Proteobacteria,Gammaproteobacteria,o__Burkholderiales,f__Thiobacillaceae,g__PFJX01,s__
Ac.bin.112,Active,Bacteria,Proteobacteria,Alphaproteobacteria,o__Rhizobiales,f__Rhizobiaceae,g__Salaquimonas,s__
Ac.bin.116,Active,Bacteria,Proteobacteria,Alphaproteobacteria,o__Rhizobiales,f__Rhizobiaceae,g__,s__
Ac.bin.120,Active,Bacteria,Proteobacteria,Gammaproteobacteria,o__Xanthomonadales,f__Xanthomonadaceae,g__SCMT01,s__
Ac.bin.121,Active,Bacteria,Proteobacteria,Alphaproteobacteria,o__Rhizobiales,f__Xanthobacteraceae,g__Pseudorhodoplanes,s__
Ac.bin.13,Active,Bacteria,Proteobacteria,Gammaproteobacteria,o__Enterobacterales,f__Aeromonadaceae,g__Aeromonas,s__Aeromonas salmonicida
Ac.bin.132,Active,Bacteria,Proteobacteria,Alphaproteobacteria,o__Rhizobiales,f__Beijerinckiaceae,g__,s__
Ac.bin.135,Active,Bacteria,Proteobacteria,Alphaproteobacteria,o__Rhodobacterales,f__Rhodobacteraceae,g__Tabrizicola,s__
Ac.bin.139,Active,Bacteria,Proteobacteria,Alphaproteobacteria,o__Rhizobiales,f__Rhizobiaceae,g__FKL33,s__
Ac.bin.145,Active,Bacteria,Proteobacteria,Alphaproteobacteria,o__Rhodobacterales,f__Rhodobacteraceae,g__Marivivens,s__
Ac.bin.146,Active,Bacteria,Proteobacteria,Alphaproteobacteria,o__Rhizobiales,f__Rhizobiaceae,g__Salaquimonas,s__
Ac.bin.148,Active,Bacteria,Proteobacteria,Gammaproteobacteria,o__Burkholderiales,f__JACMKV01,g__,s__
Ac.bin.149,Active,Bacteria,Proteobacteria,Alphaproteobacteria,o__Rhizobiales,f__Hyphomicrobiaceae,g__Ga0077555,s__
Ac.bin.150,Active,Bacteria,Proteobacteria,Alphaproteobacteria,o__Rhizobiales,f__Rhizobiaceae,g__Salaquimonas,s__
Ac.bin.159,Active,Bacteria,Proteobacteria,Alphaproteobacteria,o__Sphingomonadales,f__Sphingomonadaceae,g__Pontixanthobacter,s__
Ac.bin.164,Active,Bacteria,Proteobacteria,Alphaproteobacteria,o__Rhodobacterales,f__Rhodobacteraceae,g__UBA9554,s__
Ac.bin.177,Active,Bacteria,Proteobacteria,Alphaproteobacteria,o__Caulobacterales,f__Hyphomonadaceae,g__Hyphomonas,s__
Ac.bin.178,Active,Bacteria,Proteobacteria,Gammaproteobacteria,o__Burkholderiales,f__Gallionellaceae,g__Gallionella,s__
Ac.bin.181,Active,Bacteria,Proteobacteria,Alphaproteobacteria,o__Sphingomonadales,f__Sphingomonadaceae,g__Erythrobacter,s__
Ac.bin.183,Active,Bacteria,Proteobacteria,Gammaproteobacteria,o__Chromatiales,f__Chromatiaceae,g__Thiocapsa,s__
Ac.bin.188,Active,Bacteria,Proteobacteria,Gammaproteobacteria,o__Xanthomonadales,f__Ahniellaceae,g__0-14-3-00-62-12,s__
Ac.bin.189,Active,Bacteria,Proteobacteria,Alphaproteobacteria,o__Caulobacterales,f__Hyphomonadaceae,g__Hyphomonas,s__
Ac.bin.196,Active,Bacteria,Proteobacteria,Alphaproteobacteria,o__Rhodobacterales,f__Rhodobacteraceae,g__Rhodobacter_F,s__
Ac.bin.201,Active,Bacteria,Proteobacteria,Alphaproteobacteria,o__Sphingomonadales,f__Sphingomonadaceae,g__Alteraurantiacibacter,s__
Ac.bin.205,Active,Bacteria,Proteobacteria,Alphaproteobacteria,o__Caulobacterales,f__Parvularculaceae,g__CV81,s__
Ac.bin.206,Active,Bacteria,Proteobacteria,Gammaproteobacteria,o__,f__,g__,s__
Ac.bin.208,Active,Bacteria,Proteobacteria,Alphaproteobacteria,o__Rhizobiales,f__Rhodomicrobiaceae,g__,s__
Ac.bin.214,Active,Bacteria,Proteobacteria,Gammaproteobacteria,o__Burkholderiales,f__Thiobacillaceae,g__LSR1,s__
Ac.bin.218,Active,Bacteria,Proteobacteria,Alphaproteobacteria,o__Sphingomonadales,f__Sphingomonadaceae,g__Parasphingorhabdus,s__
Ac.bin.22,Active,Bacteria,Proteobacteria,Gammaproteobacteria,o__Berkiellales,f__Berkiellaceae,g__Berkiella,s__
Ac.bin.233,Active,Bacteria,Proteobacteria,Alphaproteobacteria,o__Sphingomonadales,f__Sphingomonadaceae,g__UBA1936,s__
Ac.bin.236,Active,Bacteria,Proteobacteria,Alphaproteobacteria,o__Rhizobiales,f__Hyphomicrobiaceae,g__,s__
Ac.bin.238,Active,Bacteria,Proteobacteria,Gammaproteobacteria,o__Burkholderiales,f__Gallionellaceae,g__Gallionella,s__
Ac.bin.245,Active,Bacteria,Proteobacteria,Alphaproteobacteria,o__Caulobacterales,f__Parvularculaceae,g__CV81,s__
Ac.bin.246,Active,Bacteria,Proteobacteria,Gammaproteobacteria,o__GCA-2729495,f__GCA-2729495,g__SHZI01,s__
Ac.bin.25,Active,Bacteria,Proteobacteria,Alphaproteobacteria,o__Rhodobacterales,f__Rhodobacteraceae,g__Gemmobacter_C,s__
Ac.bin.250,Active,Bacteria,Proteobacteria,Alphaproteobacteria,o__Rhodobacterales,f__Rhodobacteraceae,g__SSD5,s__
Ac.bin.251,Active,Bacteria,Proteobacteria,Gammaproteobacteria,o__Burkholderiales,f__Rhodocyclaceae,g__Propionivibrio,s__
Ac.bin.253,Active,Bacteria,Proteobacteria,Alphaproteobacteria,o__Rhizobiales,f__Aestuariivirgaceae,g__Aestuariivirga,s__
Ac.bin.257,Active,Bacteria,Proteobacteria,Alphaproteobacteria,o__Rhodobacterales,f__Rhodobacteraceae,g__Albidovulum,s__
Ac.bin.26,Active,Bacteria,Proteobacteria,Gammaproteobacteria,o__Pseudomonadales,f__HTCC2089,g__SZUA-521,s__
Ac.bin.265,Active,Bacteria,Proteobacteria,Gammaproteobacteria,o__Burkholderiales,f__Burkholderiaceae,g__PHCI01,s__
Ac.bin.266,Active,Bacteria,Proteobacteria,Alphaproteobacteria,o__Rhizobiales,f__Rhizobiaceae,g__Salaquimonas,s__
Ac.bin.271,Active,Bacteria,Proteobacteria,Alphaproteobacteria,o__Rhizobiales,f__Xanthobacteraceae,g__,s__
Ac.bin.272,Active,Bacteria,Proteobacteria,Gammaproteobacteria,o__Thiohalobacterales,f__,g__,s__
Ac.bin.274,Active,Bacteria,Proteobacteria,Alphaproteobacteria,o__Rhizobiales,f__Rhizobiaceae,g__,s__
Ac.bin.277,Active,Bacteria,Proteobacteria,Alphaproteobacteria,o__Sphingomonadales,f__Sphingomonadaceae,g__,s__
Ac.bin.282,Active,Bacteria,Proteobacteria,Alphaproteobacteria,o__Caulobacterales,f__Hyphomonadaceae,g__Terricaulis,s__
Ac.bin.285,Active,Bacteria,Proteobacteria,Gammaproteobacteria,o__Chromatiales,f__Chromatiaceae,g__,s__
Ac.bin.288,Active,Bacteria,Proteobacteria,Alphaproteobacteria,o__Caulobacterales,f__Hyphomonadaceae,g__Hyphomonas,s__
Ac.bin.292,Active,Bacteria,Proteobacteria,Alphaproteobacteria,o__Rhizobiales,f__Aestuariivirgaceae,g__Aestuariivirga,s__
Ac.bin.302,Active,Bacteria,Proteobacteria,Alphaproteobacteria,o__Sphingomonadales,f__Sphingomonadaceae,g__Sphingorhabdus_B,s__
Ac.bin.304,Active,Bacteria,Proteobacteria,Gammaproteobacteria,o__Xanthomonadales,f__Xanthomonadaceae,g__GCA-002840015,s__
Ac.bin.31,Active,Bacteria,Proteobacteria,Alphaproteobacteria,o__Rhizobiales,f__Hyphomicrobiaceae,g__,s__
Ac.bin.317,Active,Bacteria,Proteobacteria,Alphaproteobacteria,o__Sphingomonadales,f__Sphingomonadaceae,g__Parerythrobacter,s__
Ac.bin.319,Active,Bacteria,Proteobacteria,Gammaproteobacteria,o__Pseudomonadales,f__HTCC2089,g__SZUA-521,s__
Ac.bin.32,Active,Bacteria,Proteobacteria,Alphaproteobacteria,o__Rhizobiales,f__Rhizobiaceae,g__Zhengella,s__
Ac.bin.329,Active,Bacteria,Proteobacteria,Alphaproteobacteria,o__,f__,g__,s__
Ac.bin.33,Active,Bacteria,Proteobacteria,Alphaproteobacteria,o__Rhodobacterales,f__Rhodobacteraceae,g__Rhodobacter_F,s__
Ac.bin.333,Active,Bacteria,Proteobacteria,Alphaproteobacteria,o__Rhizobiales,f__Hyphomicrobiaceae,g__Filomicrobium,s__
Ac.bin.340,Active,Bacteria,Proteobacteria,Alphaproteobacteria,o__Caulobacterales,f__Hyphomonadaceae,g__UBA7672,s__
Ac.bin.354,Active,Bacteria,Proteobacteria,Alphaproteobacteria,o__Sphingomonadales,f__Sphingomonadaceae,g__Sphingorhabdus_B,s__
Ac.bin.355,Active,Bacteria,Proteobacteria,Alphaproteobacteria,o__Rhizobiales,f__Hyphomicrobiaceae,g__,s__
Ac.bin.362,Active,Bacteria,Proteobacteria,Alphaproteobacteria,o__Rhodobacterales,f__Rhodobacteraceae,g__,s__
Ac.bin.369,Active,Bacteria,Proteobacteria,Alphaproteobacteria,o__Sphingomonadales,f__Sphingomonadaceae,g__Sphingorhabdus_B,s__Sphingorhabdus_B lacus
Ac.bin.37,Active,Bacteria,Proteobacteria,Gammaproteobacteria,o__Burkholderiales,f__Burkholderiaceae,g__Rhodoferax,s__
Ac.bin.378,Active,Bacteria,Proteobacteria,Alphaproteobacteria,o__Rhizobiales,f__Hyphomicrobiaceae,g__,s__
Ac.bin.380,Active,Bacteria,Proteobacteria,Alphaproteobacteria,o__Caulobacterales,f__Parvularculaceae,g__CV81,s__
Ac.bin.381,Active,Bacteria,Proteobacteria,Alphaproteobacteria,o__Rhizobiales,f__Beijerinckiaceae,g__Methylocystis,s__
Ac.bin.386,Active,Bacteria,Proteobacteria,Gammaproteobacteria,o__UBA6002,f__UBA6002,g__,s__
Ac.bin.387,Active,Bacteria,Proteobacteria,Alphaproteobacteria,o__Sphingomonadales,f__Sphingomonadaceae,g__,s__
Ac.bin.398,Active,Bacteria,Proteobacteria,Alphaproteobacteria,o__Rhizobiales,f__Rhizobiaceae,g__Salaquimonas,s__
Ac.bin.401,Active,Bacteria,Proteobacteria,Alphaproteobacteria,o__Sphingomonadales,f__Sphingomonadaceae,g__,s__
Ac.bin.408,Active,Bacteria,Proteobacteria,Gammaproteobacteria,o__Burkholderiales,f__Burkholderiaceae,g__,s__
Ac.bin.410,Active,Bacteria,Proteobacteria,Gammaproteobacteria,o__Burkholderiales,f__Thiobacillaceae,g__Thiobacillus,s__
Ac.bin.412,Active,Bacteria,Proteobacteria,Gammaproteobacteria,o__Chromatiales,f__Chromatiaceae,g__,s__
Ac.bin.420,Active,Bacteria,Proteobacteria,Gammaproteobacteria,o__Burkholderiales,f__Burkholderiaceae,g__AVCC01,s__
Ac.bin.426,Active,Bacteria,Proteobacteria,Alphaproteobacteria,o__Caulobacterales,f__Hyphomonadaceae,g__,s__
Ac.bin.44,Active,Bacteria,Proteobacteria,Alphaproteobacteria,o__Rhodobacterales,f__Rhodobacteraceae,g__Albidovulum,s__
Ac.bin.444,Active,Bacteria,Proteobacteria,Gammaproteobacteria,o__Chromatiales,f__Chromatiaceae,g__,s__
Ac.bin.447,Active,Bacteria,Proteobacteria,Alphaproteobacteria,o__Rhizobiales,f__Beijerinckiaceae,g__Rhabdaerophilum,s__
Ac.bin.451,Active,Bacteria,Proteobacteria,Alphaproteobacteria,o__Sphingomonadales,f__Sphingomonadaceae,g__Sphingorhabdus_B,s__
Ac.bin.452,Active,Bacteria,Proteobacteria,Alphaproteobacteria,o__Caulobacterales,f__Parvularculaceae,g__CV81,s__
Ac.bin.462,Active,Bacteria,Proteobacteria,Alphaproteobacteria,o__Rhodobacterales,f__Rhodobacteraceae,g__Tabrizicola,s__
Ac.bin.468,Active,Bacteria,Proteobacteria,Alphaproteobacteria,o__Caulobacterales,f__Hyphomonadaceae,g__Hyphomonas,s__
Ac.bin.470,Active,Bacteria,Proteobacteria,Gammaproteobacteria,o__Burkholderiales,f__Gallionellaceae,g__Sideroxydans,s__
Ac.bin.475,Active,Bacteria,Proteobacteria,Alphaproteobacteria,o__Caulobacterales,f__Hyphomonadaceae,g__Hyphomonas,s__
Ac.bin.477,Active,Bacteria,Proteobacteria,Alphaproteobacteria,o__Micropepsales,f__Micropepsaceae,g__SZUA-430,s__
Ac.bin.479,Active,Bacteria,Proteobacteria,Alphaproteobacteria,o__Rhodobacterales,f__Rhodobacteraceae,g__JAACUH01,s__
Ac.bin.480,Active,Bacteria,Proteobacteria,Alphaproteobacteria,o__Rhizobiales,f__Rhizobiaceae,g__Roseitalea,s__
Ac.bin.484,Active,Bacteria,Proteobacteria,Alphaproteobacteria,o__Sphingomonadales,f__Sphingomonadaceae,g__Sandaracinobacter,s__
Ac.bin.488,Active,Bacteria,Proteobacteria,Alphaproteobacteria,o__Rhodobacterales,f__Rhodobacteraceae,g__Rhodobacter_F,s__
Ac.bin.490,Active,Bacteria,Proteobacteria,Gammaproteobacteria,o__Burkholderiales,f__Thiobacillaceae,g__Thiobacillus,s__
Ac.bin.495,Active,Bacteria,Proteobacteria,Alphaproteobacteria,o__Micavibrionales,f__Micavibrionaceae,g__UBA6139,s__
Ac.bin.58,Active,Bacteria,Proteobacteria,Gammaproteobacteria,o__Xanthomonadales,f__Xanthomonadaceae,g__GCA-002840015,s__
Ac.bin.6,Active,Bacteria,Proteobacteria,Gammaproteobacteria,o__Chromatiales,f__Chromatiaceae,g__Thiocapsa,s__
Ac.bin.69,Active,Bacteria,Proteobacteria,Alphaproteobacteria,o__Sphingomonadales,f__Sphingomonadaceae,g__Blastomonas,s__
Ac.bin.73,Active,Bacteria,Proteobacteria,Alphaproteobacteria,o__Sphingomonadales,f__Sphingomonadaceae,g__Erythrobacter,s__
Ac.bin.80,Active,Bacteria,Proteobacteria,Alphaproteobacteria,o__Rhizobiales,f__Rhizobiaceae,g__,s__
Ac.bin.82,Active,Bacteria,Proteobacteria,Gammaproteobacteria,o__Enterobacterales,f__Aeromonadaceae,g__,s__
Ac.bin.89,Active,Bacteria,Proteobacteria,Alphaproteobacteria,o__Rickettsiales,f__UBA998,g__,s__
Ac.bin.95,Active,Bacteria,Proteobacteria,Alphaproteobacteria,o__Sphingomonadales,f__Sphingomonadaceae,g__Sandaracinobacter,s__
Re.bin.114,Relic,Bacteria,Proteobacteria,Gammaproteobacteria,o__Methylococcales,f__UBA2778,g__UBA1147,s__
Re.bin.119,Relic,Bacteria,Proteobacteria,Alphaproteobacteria,o__Sphingomonadales,f__Sphingomonadaceae,g__Novosphingopyxis,s__
Re.bin.135,Relic,Bacteria,Proteobacteria,Alphaproteobacteria,o__Sphingomonadales,f__Sphingomonadaceae,g__Parasphingorhabdus,s__
Re.bin.149,Relic,Bacteria,Proteobacteria,Gammaproteobacteria,o__Steroidobacterales,f__Steroidobacteraceae,g__SCUD01,s__
Re.bin.151,Relic,Bacteria,Proteobacteria,Gammaproteobacteria,o__Xanthomonadales,f__,g__,s__
Re.bin.152,Relic,Bacteria,Proteobacteria,Alphaproteobacteria,o__Sphingomonadales,f__Sphingomonadaceae,g__UBA1936,s__
Re.bin.158,Relic,Bacteria,Proteobacteria,Gammaproteobacteria,o__Xanthomonadales,f__Wenzhouxiangellaceae,g__Wenzhouxiangella,s__
Re.bin.16,Relic,Bacteria,Proteobacteria,Gammaproteobacteria,o__Xanthomonadales,f__Xanthomonadaceae,g__Pseudoxanthomonas_A,s__
Re.bin.167,Relic,Bacteria,Proteobacteria,Gammaproteobacteria,o__Burkholderiales,f__Burkholderiaceae,g__JACCZX01,s__
Re.bin.169,Relic,Bacteria,Proteobacteria,Gammaproteobacteria,o__Xanthomonadales,f__Xanthomonadaceae,g__Chiayiivirga,s__
Re.bin.176,Relic,Bacteria,Proteobacteria,Alphaproteobacteria,o__Sphingomonadales,f__Sphingomonadaceae,g__Parasphingopyxis,s__
Re.bin.177,Relic,Bacteria,Proteobacteria,Gammaproteobacteria,o__Burkholderiales,f__Burkholderiaceae,g__JACCZX01,s__
Re.bin.189,Relic,Bacteria,Proteobacteria,Gammaproteobacteria,o__Burkholderiales,f__JACMKV01,g__JACMKV01,s__
Re.bin.191,Relic,Bacteria,Proteobacteria,Alphaproteobacteria,o__Sphingomonadales,f__Sphingomonadaceae,g__Blastomonas,s__
Re.bin.20,Relic,Bacteria,Proteobacteria,Alphaproteobacteria,o__Caulobacterales,f__Parvularculaceae,g__,s__
Re.bin.205,Relic,Bacteria,Proteobacteria,Gammaproteobacteria,o__Pseudomonadales,f__Halieaceae,g__Haliea,s__
Re.bin.228,Relic,Bacteria,Proteobacteria,Gammaproteobacteria,o__Woeseiales,f__Woeseiaceae,g__,s__
Re.bin.229,Relic,Bacteria,Proteobacteria,Gammaproteobacteria,o__Coxiellales,f__Coxiellaceae,g__,s__
Re.bin.23,Relic,Bacteria,Proteobacteria,Gammaproteobacteria,o__Woeseiales,f__Woeseiaceae,g__JAADHU01,s__
Re.bin.230,Relic,Bacteria,Proteobacteria,Alphaproteobacteria,o__Rhodobacterales,f__Rhodobacteraceae,g__Pararhodobacter,s__
Re.bin.231,Relic,Bacteria,Proteobacteria,Gammaproteobacteria,o__Xanthomonadales,f__SZUA-36,g__SHZL01,s__
Re.bin.232,Relic,Bacteria,Proteobacteria,Gammaproteobacteria,o__Xanthomonadales,f__Ahniellaceae,g__,s__
Re.bin.233,Relic,Bacteria,Proteobacteria,Gammaproteobacteria,o__Nevskiales,f__,g__,s__
Re.bin.242,Relic,Bacteria,Proteobacteria,Alphaproteobacteria,o__Sphingomonadales,f__Sphingomonadaceae,g__Alg239-R122,s__
Re.bin.244,Relic,Bacteria,Proteobacteria,Gammaproteobacteria,o__UBA4575,f__JACCYU01,g__,s__
Re.bin.246,Relic,Bacteria,Proteobacteria,Gammaproteobacteria,o__Nevskiales,f__Nevskiaceae,g__Polycyclovorans,s__
Re.bin.249,Relic,Bacteria,Proteobacteria,Alphaproteobacteria,o__Sphingomonadales,f__Sphingomonadaceae,g__Parasphingopyxis,s__
Re.bin.254,Relic,Bacteria,Proteobacteria,Gammaproteobacteria,o__PWYM01,f__PWYM01,g__,s__
Re.bin.255,Relic,Bacteria,Proteobacteria,Alphaproteobacteria,o__Rhodobacterales,f__Rhodobacteraceae,g__Roseovarius,s__
Re.bin.256,Relic,Bacteria,Proteobacteria,Gammaproteobacteria,o__Xanthomonadales,f__SZUA-5,g__SZUA-5,s__
Re.bin.259,Relic,Bacteria,Proteobacteria,Gammaproteobacteria,o__Xanthomonadales,f__Ahniellaceae,g__,s__
Re.bin.261,Relic,Bacteria,Proteobacteria,Gammaproteobacteria,o__Nevskiales,f__Nevskiaceae,g__,s__
Re.bin.264,Relic,Bacteria,Proteobacteria,Alphaproteobacteria,o__Sphingomonadales,f__Sphingomonadaceae,g__Sphingomonas_B,s__
Re.bin.265,Relic,Bacteria,Proteobacteria,Alphaproteobacteria,o__Sphingomonadales,f__Sphingomonadaceae,g__Erythrobacter,s__
Re.bin.266,Relic,Bacteria,Proteobacteria,Gammaproteobacteria,o__Steroidobacterales,f__Steroidobacteraceae,g__,s__
Re.bin.273,Relic,Bacteria,Proteobacteria,Alphaproteobacteria,o__Rhizobiales,f__Hyphomicrobiaceae,g__,s__
Re.bin.275,Relic,Bacteria,Proteobacteria,Gammaproteobacteria,o__Burkholderiales,f__SG8-39,g__SCGC-AG-212-J23,s__
Re.bin.279,Relic,Bacteria,Proteobacteria,Alphaproteobacteria,o__Caulobacterales,f__Hyphomonadaceae,g__Hyphomonas,s__
Re.bin.281,Relic,Bacteria,Proteobacteria,Alphaproteobacteria,o__Rhizobiales,f__Methyloligellaceae,g__Methyloceanibacter,s__
Re.bin.289,Relic,Bacteria,Proteobacteria,Gammaproteobacteria,o__Steroidobacterales,f__Steroidobacteraceae,g__SCUD01,s__
Re.bin.291,Relic,Bacteria,Proteobacteria,Alphaproteobacteria,o__Rhizobiales,f__Aestuariivirgaceae,g__Aestuariivirga,s__
Re.bin.294,Relic,Bacteria,Proteobacteria,Alphaproteobacteria,o__Rhodobacterales,f__Rhodobacteraceae,g__,s__
Re.bin.300,Relic,Bacteria,Proteobacteria,Alphaproteobacteria,o__Rhizobiales,f__Xanthobacteraceae,g__Pseudorhodoplanes,s__
Re.bin.301,Relic,Bacteria,Proteobacteria,Alphaproteobacteria,o__Rhizobiales,f__Methyloligellaceae,g__Methyloceanibacter,s__
Re.bin.305,Relic,Bacteria,Proteobacteria,Alphaproteobacteria,o__Caulobacterales,f__Hyphomonadaceae,g__Hyphomonas,s__
Re.bin.306,Relic,Bacteria,Proteobacteria,Alphaproteobacteria,o__Sphingomonadales,f__Sphingomonadaceae,g__Tsuneonella,s__
Re.bin.309,Relic,Bacteria,Proteobacteria,Alphaproteobacteria,o__Rhizobiales,f__Rhizobiaceae,g__,s__
Re.bin.310,Relic,Bacteria,Proteobacteria,Alphaproteobacteria,o__Sphingomonadales,f__Sphingomonadaceae,g__Parasphingopyxis,s__
Re.bin.313,Relic,Bacteria,Proteobacteria,Alphaproteobacteria,o__Caulobacterales,f__Hyphomonadaceae,g__Hyphomonas,s__
Re.bin.318,Relic,Bacteria,Proteobacteria,Alphaproteobacteria,o__Rhodobacterales,f__Rhodobacteraceae,g__,s__
Re.bin.327,Relic,Bacteria,Proteobacteria,Alphaproteobacteria,o__Sphingomonadales,f__Sphingomonadaceae,g__Erythrobacter,s__
Re.bin.333,Relic,Bacteria,Proteobacteria,Gammaproteobacteria,o__Xanthomonadales,f__Wenzhouxiangellaceae,g__Wenzhouxiangella,s__
Re.bin.334,Relic,Bacteria,Proteobacteria,Alphaproteobacteria,o__Rhodobacterales,f__Rhodobacteraceae,g__Oceaniglobus,s__
Re.bin.336,Relic,Bacteria,Proteobacteria,Alphaproteobacteria,o__Caulobacterales,f__Parvularculaceae,g__CV81,s__
Re.bin.348,Relic,Bacteria,Proteobacteria,Alphaproteobacteria,o__Rhizobiales,f__Rhizobiaceae,g__RCIZ01,s__
Re.bin.349,Relic,Bacteria,Proteobacteria,Gammaproteobacteria,o__Woeseiales,f__Woeseiaceae,g__UBA1844,s__
Re.bin.350,Relic,Bacteria,Proteobacteria,Alphaproteobacteria,o__Caulobacterales,f__Hyphomonadaceae,g__Hyphomonas,s__
Re.bin.354,Relic,Bacteria,Proteobacteria,Alphaproteobacteria,o__Sphingomonadales,f__Sphingomonadaceae,g__Qipengyuania,s__
Re.bin.372,Relic,Bacteria,Proteobacteria,Gammaproteobacteria,o__Xanthomonadales,f__Xanthomonadaceae,g__Pseudoxanthomonas_A,s__
Re.bin.375,Relic,Bacteria,Proteobacteria,Alphaproteobacteria,o__Rhodobacterales,f__Rhodobacteraceae,g__Roseovarius,s__
Re.bin.376,Relic,Bacteria,Proteobacteria,Gammaproteobacteria,o__Enterobacterales,f__Alteromonadaceae,g__Arsukibacterium,s__
Re.bin.379,Relic,Bacteria,Proteobacteria,Alphaproteobacteria,o__Micavibrionales,f__UBA2020,g__UBA2020,s__
Re.bin.380,Relic,Bacteria,Proteobacteria,Alphaproteobacteria,o__Sphingomonadales,f__Sphingomonadaceae,g__Sphingomicrobium,s__
Re.bin.392,Relic,Bacteria,Proteobacteria,Alphaproteobacteria,o__Sphingomonadales,f__Sphingomonadaceae,g__Alteriqipengyuania_A,s__
Re.bin.394,Relic,Bacteria,Proteobacteria,Gammaproteobacteria,o__Xanthomonadales,f__,g__,s__
Re.bin.4,Relic,Bacteria,Proteobacteria,Alphaproteobacteria,o__Rhizobiales,f__Aestuariivirgaceae,g__Aestuariivirga,s__
Re.bin.401,Relic,Bacteria,Proteobacteria,Alphaproteobacteria,o__Sphingomonadales,f__Sphingomonadaceae,g__Allosphingosinicella,s__
Re.bin.44,Relic,Bacteria,Proteobacteria,Alphaproteobacteria,o__Sphingomonadales,f__Sphingomonadaceae,g__Qipengyuania,s__
Re.bin.51,Relic,Bacteria,Proteobacteria,Gammaproteobacteria,o__Burkholderiales,f__Burkholderiaceae,g__JACCZX01,s__
Re.bin.52,Relic,Bacteria,Proteobacteria,Gammaproteobacteria,o__Burkholderiales,f__Burkholderiaceae,g__JACCZX01,s__
Re.bin.64,Relic,Bacteria,Proteobacteria,Gammaproteobacteria,o__Pseudomonadales,f__Pseudohongiellaceae,g__,s__
Re.bin.90,Relic,Bacteria,Proteobacteria,Gammaproteobacteria,o__Xanthomonadales,f__Xanthomonadaceae,g__Thermomonas,s__
Re.bin.91,Relic,Bacteria,Proteobacteria,Alphaproteobacteria,o__Geminicoccales,f__Geminicoccaceae,g__,s__
Re.bin.93,Relic,Bacteria,Proteobacteria,Alphaproteobacteria,o__Rhizobiales,f__Aestuariivirgaceae,g__,s__
Re.bin.96,Relic,Bacteria,Proteobacteria,Alphaproteobacteria,o__Sphingomonadales,f__Sphingomonadaceae,g__Allosphingosinicella,s__
Ac.bin.190,Active,Bacteria,Ratteibacteria,UBA8468,o__MWAK01,f__MWAK01,g__,s__
Ac.bin.194,Active,Bacteria,Spirochaetota,Spirochaetia,o__Treponematales,f__UBA12059,g__UBA5200,s__
Ac.bin.27,Active,Bacteria,Spirochaetota,Spirochaetia,o__Treponematales,f__,g__,s__
Ac.bin.310,Active,Bacteria,Spirochaetota,Spirochaetia,o__Treponematales,f__UBA12059,g__JAAYUR01,s__
Ac.bin.34,Active,Bacteria,Spirochaetota,UBA4802,o__UBA4802,f__UBA5550,g__,s__
Ac.bin.436,Active,Bacteria,Spirochaetota,UBA4802,o__UBA4802,f__UBA5550,g__RBG-16-49-21,s__
Ac.bin.503,Active,Bacteria,Spirochaetota,UBA4802,o__UBA4802,f__UBA5550,g__WRGT01,s__
Ac.bin.98,Active,Bacteria,Spirochaetota,UBA4802,o__UBA4802,f__UBA5550,g__RBG-16-49-21,s__
Re.bin.402,Relic,Bacteria,Tectomicrobia,Entotheonellia,o__Entotheonellales,f__Entotheonellaceae,g__SXND01,s__
Ac.bin.255,Active,Bacteria,UBA10199,UBA10199,o__2-02-FULL-44-16,f__,g__,s__
Re.bin.212,Relic,Bacteria,UBA10199,UBA10199,o__DSSB01,f__DSSB01,g__,s__
Ac.bin.155,Active,Bacteria,Verrucomicrobiota,Verrucomicrobiae,o__Verrucomicrobiales,f__DEV007,g__Arctic95D-9,s__
Ac.bin.157,Active,Bacteria,Verrucomicrobiota,Verrucomicrobiae,o__Verrucomicrobiales,f__DEV007,g__,s__
Ac.bin.16,Active,Bacteria,Verrucomicrobiota,Verrucomicrobiae,o__Pedosphaerales,f__AV2,g__,s__
Ac.bin.160,Active,Bacteria,Verrucomicrobiota,Verrucomicrobiae,o__Chthoniobacterales,f__Terrimicrobiaceae,g__QYQL01,s__
Ac.bin.199,Active,Bacteria,Verrucomicrobiota,Kiritimatiellae,o__Kiritimatiellales,f__Pontiellaceae,g__Pontiella,s__
Ac.bin.202,Active,Bacteria,Verrucomicrobiota,Verrucomicrobiae,o__Chthoniobacterales,f__JACTMZ01,g__JACTMZ01,s__
Ac.bin.217,Active,Bacteria,Verrucomicrobiota,Verrucomicrobiae,o__Verrucomicrobiales,f__Akkermansiaceae,g__UBA1315,s__
Ac.bin.228,Active,Bacteria,Verrucomicrobiota,Verrucomicrobiae,o__Pedosphaerales,f__SXTU01,g__,s__
Ac.bin.230,Active,Bacteria,Verrucomicrobiota,Verrucomicrobiae,o__Verrucomicrobiales,f__Akkermansiaceae,g__UBA1315,s__
Ac.bin.235,Active,Bacteria,Verrucomicrobiota,Verrucomicrobiae,o__Chthoniobacterales,f__,g__,s__
Ac.bin.276,Active,Bacteria,Verrucomicrobiota,Verrucomicrobiae,o__Verrucomicrobiales,f__Akkermansiaceae,g__UBA1315,s__
Ac.bin.295,Active,Bacteria,Verrucomicrobiota,Verrucomicrobiae,o__Chthoniobacterales,f__Terrimicrobiaceae,g__,s__
Ac.bin.312,Active,Bacteria,Verrucomicrobiota,Verrucomicrobiae,o__Verrucomicrobiales,f__,g__,s__
Ac.bin.322,Active,Bacteria,Verrucomicrobiota,Verrucomicrobiae,o__Verrucomicrobiales,f__Akkermansiaceae,g__Haloferula,s__
Ac.bin.326,Active,Bacteria,Verrucomicrobiota,Verrucomicrobiae,o__Verrucomicrobiales,f__DEV007,g__,s__
Ac.bin.358,Active,Bacteria,Verrucomicrobiota,Verrucomicrobiae,o__Verrucomicrobiales,f__Akkermansiaceae,g__UBA1315,s__
Ac.bin.365,Active,Bacteria,Verrucomicrobiota,Verrucomicrobiae,o__Chthoniobacterales,f__Terrimicrobiaceae,g__,s__
Ac.bin.373,Active,Bacteria,Verrucomicrobiota,Verrucomicrobiae,o__Chthoniobacterales,f__Terrimicrobiaceae,g__,s__
Ac.bin.390,Active,Bacteria,Verrucomicrobiota,Verrucomicrobiae,o__Chthoniobacterales,f__JACTMZ01,g__JACTMZ01,s__
Ac.bin.407,Active,Bacteria,Verrucomicrobiota,Verrucomicrobiae,o__Verrucomicrobiales,f__Akkermansiaceae,g__UBA1315,s__
Ac.bin.424,Active,Bacteria,Verrucomicrobiota,Verrucomicrobiae,o__Verrucomicrobiales,f__SLCJ01,g__SLCJ01,s__
Ac.bin.435,Active,Bacteria,Verrucomicrobiota,Verrucomicrobiae,o__Verrucomicrobiales,f__Akkermansiaceae,g__UBA1315,s__
Ac.bin.442,Active,Bacteria,Verrucomicrobiota,Verrucomicrobiae,o__Verrucomicrobiales,f__Akkermansiaceae,g__UBA1315,s__
Ac.bin.465,Active,Bacteria,Verrucomicrobiota,Verrucomicrobiae,o__Methylacidiphilales,f__JAAUTS01,g__DSQW01,s__
Ac.bin.467,Active,Bacteria,Verrucomicrobiota,Verrucomicrobiae,o__Chthoniobacterales,f__Terrimicrobiaceae,g__,s__
Ac.bin.469,Active,Bacteria,Verrucomicrobiota,Verrucomicrobiae,o__Chthoniobacterales,f__Terrimicrobiaceae,g__,s__
Ac.bin.476,Active,Bacteria,Verrucomicrobiota,Verrucomicrobiae,o__Verrucomicrobiales,f__Akkermansiaceae,g__UBA1315,s__
Ac.bin.504,Active,Bacteria,Verrucomicrobiota,Kiritimatiellae,o__LD1-PB3,f__CAIVKH01,g__,s__
Ac.bin.77,Active,Bacteria,Verrucomicrobiota,Verrucomicrobiae,o__Pedosphaerales,f__UBA9464,g__UBA9464,s__
Ac.bin.78,Active,Bacteria,Verrucomicrobiota,Verrucomicrobiae,o__Chthoniobacterales,f__Terrimicrobiaceae,g__,s__
Ac.bin.8,Active,Bacteria,Verrucomicrobiota,Verrucomicrobiae,o__Chthoniobacterales,f__Terrimicrobiaceae,g__QYQL01,s__
Re.bin.105,Relic,Bacteria,Verrucomicrobiota,Verrucomicrobiae,o__Verrucomicrobiales,f__DEV007,g__,s__
Re.bin.122,Relic,Bacteria,Verrucomicrobiota,Verrucomicrobiae,o__Chthoniobacterales,f__,g__,s__
Re.bin.127,Relic,Bacteria,Verrucomicrobiota,Verrucomicrobiae,o__Chthoniobacterales,f__,g__,s__
Re.bin.13,Relic,Bacteria,Verrucomicrobiota,Verrucomicrobiae,o__Chthoniobacterales,f__UBA10450,g__AV80,s__
Re.bin.141,Relic,Bacteria,Verrucomicrobiota,Verrucomicrobiae,o__Verrucomicrobiales,f__Akkermansiaceae,g__UBA1315,s__
Re.bin.142,Relic,Bacteria,Verrucomicrobiota,Verrucomicrobiae,o__Verrucomicrobiales,f__Akkermansiaceae,g__UBA1315,s__
Re.bin.145,Relic,Bacteria,Verrucomicrobiota,Verrucomicrobiae,o__Verrucomicrobiales,f__Akkermansiaceae,g__UBA1315,s__
Re.bin.148,Relic,Bacteria,Verrucomicrobiota,Verrucomicrobiae,o__Chthoniobacterales,f__Xiphinematobacteraceae,g__,s__
Re.bin.219,Relic,Bacteria,Verrucomicrobiota,Verrucomicrobiae,o__Chthoniobacterales,f__Terrimicrobiaceae,g__,s__
Re.bin.220,Relic,Bacteria,Verrucomicrobiota,Verrucomicrobiae,o__Opitutales,f__Opitutaceae,g__,s__
Re.bin.226,Relic,Bacteria,Verrucomicrobiota,Verrucomicrobiae,o__Chthoniobacterales,f__UBA10450,g__Palsa-1392,s__
Re.bin.286,Relic,Bacteria,Verrucomicrobiota,Verrucomicrobiae,o__Verrucomicrobiales,f__DEV007,g__V1-115,s__
Re.bin.290,Relic,Bacteria,Verrucomicrobiota,Verrucomicrobiae,o__Verrucomicrobiales,f__Akkermansiaceae,g__UBA1315,s__
Re.bin.295,Relic,Bacteria,Verrucomicrobiota,Verrucomicrobiae,o__Chthoniobacterales,f__,g__,s__
Re.bin.307,Relic,Bacteria,Verrucomicrobiota,Verrucomicrobiae,o__Verrucomicrobiales,f__DEV007,g__,s__
Re.bin.340,Relic,Bacteria,Verrucomicrobiota,Verrucomicrobiae,o__Chthoniobacterales,f__Terrimicrobiaceae,g__,s__
Re.bin.353,Relic,Bacteria,Verrucomicrobiota,Verrucomicrobiae,o__Chthoniobacterales,f__Chthoniobacteraceae,g__,s__
Re.bin.377,Relic,Bacteria,Verrucomicrobiota,Verrucomicrobiae,o__Verrucomicrobiales,f__Akkermansiaceae,g__UBA1315,s__
Re.bin.39,Relic,Bacteria,Verrucomicrobiota,Verrucomicrobiae,o__Chthoniobacterales,f__,g__,s__
Re.bin.73,Relic,Bacteria,Verrucomicrobiota,Verrucomicrobiae,o__Chthoniobacterales,f__Chthoniobacteraceae,g__,s__
Re.bin.74,Relic,Bacteria,Verrucomicrobiota,Verrucomicrobiae,o__Chthoniobacterales,f__UBA10450,g__JACCTI01,s__
Re.bin.83,Relic,Bacteria,Verrucomicrobiota,Verrucomicrobiae,o__Chthoniobacterales,f__Chthoniobacteraceae,g__,s__
Ac.bin.108,Active,Bacteria,Zixibacteria,MSB-5A5,o__GN15,f__,g__,s__
Ac.bin.140,Active,Bacteria,Zixibacteria,MSB-5A5,o__GN15,f__FEB-12,g__,s__
